TransactionID,Amount,VendorRating,Category
TXN-2000,157.19020111146074,4.703495796251966,Office Supplies
TXN-2001,186.8368883272028,4.031399398006622,Meals
TXN-2002,226.5218009967971,4.870741290916559,Meals
TXN-2003,285.78371365330094,4.84898602209168,Software
TXN-2004,175.92169769268597,4.740157438616629,Office Supplies
TXN-2005,158.77075290589332,4.197220262031569,Meals
TXN-2006,161.81118555149604,3.419748599917896,Meals
TXN-2007,167.87973147829734,4.362454118031907,Meals
TXN-2008,126.85785286879504,4.908167851330387,Meals
TXN-2009,194.50915949234724,3.945938605081492,Office Supplies
TXN-2010,115.53438689468743,3.465322615125802,Meals
TXN-2011,202.2804782277478,4.46038618615752,Travel
TXN-2012,236.5325356034999,4.513340859341587,Travel
TXN-2013,225.02405726984904,3.488789318355546,Software
TXN-2014,285.911827817139,3.8227295516746045,Travel
TXN-2015,194.24577889335546,3.4822561763815396,Travel
TXN-2016,200.5810228088017,4.862133202185742,Meals
TXN-2017,275.5864063874052,3.1434215723915666,Travel
TXN-2018,209.27112638466323,4.083253318356928,Meals
TXN-2019,179.8212780310433,3.883464583318858,Office Supplies
TXN-2020,133.4669211977087,4.288820093022334,Travel
TXN-2021,246.52888079999622,3.683464092465859,Software
TXN-2022,171.85055557923107,3.8735527868151265,Travel
TXN-2023,209.073688076451,3.0958021634345947,Software
TXN-2024,195.01245582594052,3.591257800512575,Travel
TXN-2025,210.4890924959524,3.513334935790927,Meals
TXN-2026,148.24747524742992,3.2791721998616166,Software
TXN-2027,229.9605416930823,4.753505430941624,Travel
TXN-2028,180.07698138096958,4.911711596241664,Software
TXN-2029,274.6174669729608,3.7616421158714637,Software
TXN-2030,129.76855050728386,4.823761432780113,Travel
TXN-2031,135.05816433215205,4.742721041208725,Software
TXN-2032,200.68503261707198,4.013194460815091,Software
TXN-2033,195.60128013937106,4.1333189248412205,Office Supplies
TXN-2034,196.17321871117633,4.664358106286562,Office Supplies
TXN-2035,318.5759113593441,4.020002873829436,Travel
TXN-2036,262.9213419652952,3.8691785230701514,Meals
TXN-2037,257.7624659381165,3.50648884599354,Travel
TXN-2038,213.62462208422915,3.0629272423466345,Meals
TXN-2039,200.54441178124088,4.368013772628003,Travel
TXN-2040,174.6961312921177,4.2403380356311065,Travel
TXN-2041,224.3359357892482,4.536860724499564,Software
TXN-2042,269.5992479050225,4.051615571677291,Meals
TXN-2043,211.82140176262982,4.208750500131792,Meals
TXN-2044,144.68019787108628,4.280452760201714,Office Supplies
TXN-2045,218.03340083285752,3.880454035419972,Travel
TXN-2046,247.6117546025663,3.2129602114131295,Office Supplies
TXN-2047,297.3480097794675,3.8752752038149727,Travel
TXN-2048,203.8201743448792,4.5297491132118335,Software
TXN-2049,161.48870775120702,3.6035134706042,Office Supplies
TXN-2050,234.4911024469734,3.8127195983384325,Travel
TXN-2051,155.9157739917026,4.218574628055553,Software
TXN-2052,174.78686537903926,3.2170829347887837,Meals
TXN-2053,215.22869280790079,3.2144302674980776,Office Supplies
TXN-2054,253.82823290990729,4.137147444684312,Office Supplies
TXN-2055,168.10216938774084,4.779487988329471,Meals
TXN-2056,232.05079718013855,4.573054600008364,Travel
TXN-2057,135.83529148844474,4.049077775419763,Meals
TXN-2058,227.90449857831396,4.660294829194529,Travel
TXN-2059,350.03351577662147,3.7148596824512827,Software
TXN-2060,163.7946634968138,4.837737290835189,Software
TXN-2061,139.68366601788472,4.524227437948621,Software
TXN-2062,158.58589793260415,4.0418623564043,Software
TXN-2063,201.0285672936662,3.1208594838513255,Meals
TXN-2064,199.9164500255721,3.875315596246756,Office Supplies
TXN-2065,138.8299809515979,4.223057855705245,Travel
TXN-2066,132.32939347757707,4.783188922118679,Meals
TXN-2067,221.4943178121323,4.968101206638702,Meals
TXN-2068,220.4734951306637,4.6773038436685415,Software
TXN-2069,223.3392183827738,3.4281066797556266,Travel
TXN-2070,218.48329792065982,4.003549199650356,Software
TXN-2071,268.85247382388025,3.5058962234559745,Office Supplies
TXN-2072,182.30009047828233,4.220658148884641,Travel
TXN-2073,223.05523010378258,3.3883676924896626,Travel
TXN-2074,254.21031329733188,3.5518118946133734,Travel
TXN-2075,295.4554462910637,3.9163304339387723,Travel
TXN-2076,135.6625126603204,3.407431382290969,Software
TXN-2077,184.1880678950602,3.296184501631841,Meals
TXN-2078,265.771866119845,3.813611837712992,Software
TXN-2079,124.43835672960151,3.7517031380024815,Meals
TXN-2080,167.05179917759253,4.842566491348687,Meals
TXN-2081,131.8056421015342,4.954584949279556,Software
TXN-2082,193.7224988444163,3.2788932682149023,Software
TXN-2083,205.3809367388303,4.907850956035533,Office Supplies
TXN-2084,205.1584638307358,4.257153462490413,Meals
TXN-2085,186.710029685202,3.5860998001778093,Travel
TXN-2086,166.09980966669883,3.4126485292827637,Office Supplies
TXN-2087,196.51416441092988,3.0458780477770926,Meals
TXN-2088,175.312589962316,4.638157049106868,Office Supplies
TXN-2089,159.31515591197308,4.982366932376443,Office Supplies
TXN-2090,123.54716137419503,4.445222082413573,Travel
TXN-2091,188.27343554446588,4.97574243712751,Travel
TXN-2092,97.19361220699237,3.756975693762139,Office Supplies
TXN-2093,230.61029838732844,4.849282339111619,Software
TXN-2094,213.84087543673584,3.7566086667740555,Meals
TXN-2095,185.28174364380695,4.472847662624742,Travel
TXN-2096,256.4557498116901,4.683943128653359,Travel
TXN-2097,246.2361151072585,3.719982855539207,Office Supplies
TXN-2098,223.38485211908028,3.334168275481386,Software
TXN-2099,203.5626054857165,3.8350955139227567,Software
TXN-2100,243.6547753530368,4.098049662957531,Travel
TXN-2101,264.2703419701937,3.1479774443298965,Travel
TXN-2102,254.30423501951037,4.616488240826083,Office Supplies
TXN-2103,207.2917590741967,4.144239405793698,Travel
TXN-2104,179.8665293619473,3.385633594318863,Software
TXN-2105,132.5569660861194,4.25741393652872,Office Supplies
TXN-2106,175.57596666734375,3.1003978221197794,Office Supplies
TXN-2107,174.1583174557272,3.483357259814368,Meals
TXN-2108,183.5312448731914,3.393856960605497,Meals
TXN-2109,158.37959983565187,3.9048437310327477,Software
TXN-2110,164.03416132918179,4.864400897324655,Office Supplies
TXN-2111,150.88672060992988,3.7640530947202024,Office Supplies
TXN-2112,221.06767523585597,3.9107047829691517,Meals
TXN-2113,142.23056161222232,4.861597847127574,Travel
TXN-2114,133.50450746363344,4.336130996007247,Software
TXN-2115,209.30458670688725,3.5036655660814158,Software
TXN-2116,178.05946715756855,4.279873305467686,Meals
TXN-2117,249.10391218708043,4.967478549832828,Meals
TXN-2118,127.02711168738247,3.88763084692837,Travel
TXN-2119,101.92489284520758,3.717407485491562,Meals
TXN-2120,202.62968301555728,4.257375240456036,Office Supplies
TXN-2121,226.84422338091312,4.394328117991483,Software
TXN-2122,178.3010944075051,4.934048525591459,Office Supplies
TXN-2123,250.73982293686544,4.621069316029603,Software
TXN-2124,187.78285092328036,4.566612969914547,Meals
TXN-2125,244.87809393796692,3.6228343772680445,Meals
TXN-2126,159.83034658110486,4.973884664253964,Meals
TXN-2127,186.83309034591622,4.418735671658887,Software
TXN-2128,214.21980367960796,4.754526508113756,Software
TXN-2129,233.57073124588635,4.840901918772693,Meals
TXN-2130,233.7746045956384,4.1544824424341655,Software
TXN-2131,144.34169702258038,4.032113988334617,Meals
TXN-2132,281.9598945602969,4.9260812781685175,Meals
TXN-2133,103.13953362249333,3.2308044287333733,Travel
TXN-2134,197.3060525966252,4.771215878587697,Meals
TXN-2135,248.77535758917026,3.5894527097789433,Meals
TXN-2136,213.22435235984437,4.049725120211379,Office Supplies
TXN-2137,229.42785754562198,4.449689964868712,Travel
TXN-2138,267.99867325507324,3.633435159989183,Travel
TXN-2139,149.56694461371694,4.6938407886975355,Travel
TXN-2140,231.64831494860425,4.3073365237315056,Travel
TXN-2141,240.54261901158685,3.9218282183670405,Travel
TXN-2142,229.0301531033023,4.242007679299453,Software
TXN-2143,301.8272219042885,4.166785994375095,Meals
TXN-2144,304.2316601983389,4.022311047246324,Meals
TXN-2145,248.27861215468906,4.279841424175972,Meals
TXN-2146,190.53742202629522,3.8813127731292063,Meals
TXN-2147,199.80341400019526,4.522909377917621,Travel
TXN-2148,124.13471640652938,4.231221334722218,Meals
TXN-2149,147.76202429821996,3.3440309256220973,Office Supplies
TXN-2150,203.86532999384752,4.204554401172728,Office Supplies
TXN-2151,156.5589555954376,4.431501115882304,Travel
TXN-2152,163.0744922135819,4.916657986570395,Travel
TXN-2153,200.80755963257212,4.930454556224644,Travel
TXN-2154,171.7343532711725,4.9392150798515795,Office Supplies
TXN-2155,259.1810299331195,4.841652917566293,Software
TXN-2156,232.89557097997272,4.793960923558056,Software
TXN-2157,184.29360977119362,4.890610057831349,Travel
TXN-2158,191.51884630239218,3.1647001687681158,Office Supplies
TXN-2159,102.34483207139819,4.636609316725634,Travel
TXN-2160,276.68971732512273,3.4528388101837773,Office Supplies
TXN-2161,238.91637112518384,4.329719657444296,Meals
TXN-2162,252.3781973116686,3.580502469362058,Travel
TXN-2163,115.27024666632789,4.362679460389207,Office Supplies
TXN-2164,185.6178027768093,3.22075769517719,Office Supplies
TXN-2165,248.52217698522094,3.37355957680375,Office Supplies
TXN-2166,107.97548136211007,3.6484250859010583,Travel
TXN-2167,192.86580856591118,4.791600707838321,Office Supplies
TXN-2168,200.07604515689022,4.968599916638778,Software
TXN-2169,246.62801258061427,4.675879773898979,Meals
TXN-2170,142.282524382167,3.4128326222347765,Meals
TXN-2171,200.73822630657628,3.3114980578103284,Meals
TXN-2172,178.1687053939214,3.8716203132169755,Software
TXN-2173,155.47661559230957,3.4855322956052732,Office Supplies
TXN-2174,294.85554758802755,4.322747807273456,Travel
TXN-2175,218.97160893588173,4.782253821401088,Office Supplies
TXN-2176,94.71993542344698,3.3254047720936013,Office Supplies
TXN-2177,196.45675083057276,4.530297415489141,Software
TXN-2178,204.49693859773805,3.1788051588561945,Travel
TXN-2179,206.7117410999649,3.6226942928926675,Software
TXN-2180,230.67732642810887,4.98515997020395,Meals
TXN-2181,166.2814404431131,4.4130907197419695,Office Supplies
TXN-2182,171.61684232990692,4.740694470924996,Office Supplies
TXN-2183,205.8959421059615,4.599515808214507,Travel
TXN-2184,145.78241826925574,3.894154240960648,Travel
TXN-2185,211.92078490204878,4.430664842732284,Office Supplies
TXN-2186,189.62750518370947,3.992063315097778,Software
TXN-2187,205.10521246578315,4.9354530836328045,Travel
TXN-2188,215.93548480928783,3.280909293282308,Software
TXN-2189,255.69933233886593,3.0098893726898104,Office Supplies
TXN-2190,151.58423381028217,3.8636150536558294,Travel
TXN-2191,190.70939408174428,4.445271194245122,Software
TXN-2192,196.0516744787138,3.10094153284913,Travel
TXN-2193,186.76031430863588,3.619987853950517,Software
TXN-2194,137.68553595788626,4.422235215332495,Travel
TXN-2195,219.74220268031033,3.2201882164348716,Software
TXN-2196,199.46391673709084,3.5143219253777387,Office Supplies
TXN-2197,287.1986803620479,4.802696700800615,Meals
TXN-2198,177.98952488213308,4.283541646310968,Office Supplies
TXN-2199,204.4246183855098,4.136615365062372,Office Supplies
TXN-2200,146.96482631476619,4.671416939844104,Travel
TXN-2201,184.27346215467523,4.302589287654353,Meals
TXN-2202,211.43634865433444,3.113407256876097,Software
TXN-2203,172.14789369524533,3.8740465376321938,Office Supplies
TXN-2204,255.302075982007,3.226988021452714,Office Supplies
TXN-2205,200.53088676581316,3.7217190690854816,Software
TXN-2206,263.56311390416334,3.67937380728944,Software
TXN-2207,169.0765076660209,4.182860200284052,Travel
TXN-2208,223.09656107993882,3.666757935066339,Office Supplies
TXN-2209,239.2478816933653,4.761584358339298,Travel
TXN-2210,163.39479605060555,4.850445276920039,Office Supplies
TXN-2211,217.96300803661185,3.538012800571283,Office Supplies
TXN-2212,250.93542095626321,3.6366128138891707,Office Supplies
TXN-2213,214.41937218219493,3.9363777968155436,Software
TXN-2214,197.24420358385663,4.5939614328929945,Travel
TXN-2215,203.33355707808778,4.089546950105265,Meals
TXN-2216,139.3557757476739,4.869307743761627,Software
TXN-2217,180.1195053219723,4.5700752765692805,Software
TXN-2218,164.6138932786247,4.284263989108905,Office Supplies
TXN-2219,285.9057114155228,3.8809486137259306,Travel
TXN-2220,150.92876049491232,3.283181116937108,Meals
TXN-2221,219.0531056740985,4.985729123117028,Software
TXN-2222,73.91489156040845,3.6834421111002085,Travel
TXN-2223,175.16867646026537,3.4496490616052666,Office Supplies
TXN-2224,225.45028551640877,3.551461478702645,Travel
TXN-2225,224.76036328944804,4.10871075840533,Travel
TXN-2226,191.71959618689297,3.2480616623093104,Office Supplies
TXN-2227,299.0716472389928,3.3376809673462056,Software
TXN-2228,112.42201916571901,3.514057254252358,Software
TXN-2229,219.81090823403537,3.0725755804055925,Meals
TXN-2230,243.2982878257314,4.676936678615926,Office Supplies
TXN-2231,158.9056351426321,3.7460720690374716,Meals
TXN-2232,221.3606041519838,4.874501204625032,Meals
TXN-2233,190.51762513203226,3.0266088586652344,Travel
TXN-2234,147.96154804815745,4.986117988104507,Software
TXN-2235,183.8989055034392,4.811332271469804,Office Supplies
TXN-2236,215.8424084725553,3.272452189690693,Meals
TXN-2237,328.11158897592463,4.476858211950317,Meals
TXN-2238,213.04572124645023,3.9044996553240856,Travel
TXN-2239,200.43880840749762,3.943255717803517,Software
TXN-2240,181.28768581611675,3.7752139177295385,Travel
TXN-2241,186.77791050072722,4.573658251862667,Office Supplies
TXN-2242,144.1186914854237,3.1808119888789994,Office Supplies
TXN-2243,215.70612530878162,4.258905911953052,Travel
TXN-2244,160.95452536100373,4.626265413553107,Meals
TXN-2245,213.83212116556206,3.4130848297920995,Software
TXN-2246,279.8553477073743,3.4021908747407013,Software
TXN-2247,121.47863223585821,4.733333343216184,Software
TXN-2248,218.6274027615437,3.5655112351139895,Travel
TXN-2249,164.83355824228676,3.525589689006881,Office Supplies
TXN-2250,325.78921509167253,4.717419717720984,Travel
TXN-2251,168.20472375464564,3.27476600944343,Office Supplies
TXN-2252,160.17446437647834,3.937497624322377,Travel
TXN-2253,179.90951307995255,4.96879012134399,Office Supplies
TXN-2254,256.0386788397189,4.537026643328717,Travel
TXN-2255,224.85247066628202,4.817510528592972,Travel
TXN-2256,243.02010125627632,4.487689911465762,Travel
TXN-2257,187.8695458153089,4.176628579052954,Software
TXN-2258,246.19350374022326,4.539584257871708,Office Supplies
TXN-2259,259.84870929760984,3.859955284270039,Software
TXN-2260,236.89054262670464,4.174223824594263,Travel
TXN-2261,137.97598089073568,4.577756338359074,Software
TXN-2262,189.01251907787736,3.5256499834657617,Office Supplies
TXN-2263,218.50839961322734,4.401758539729566,Meals
TXN-2264,191.74057590757107,4.689448231625577,Office Supplies
TXN-2265,102.64685867397286,3.5603498773336595,Travel
TXN-2266,247.4621776785773,3.3505983097359753,Travel
TXN-2267,178.028179882439,3.9937987030448427,Software
TXN-2268,288.2746403155111,4.6382752088272,Software
TXN-2269,204.04431688951877,4.6430949553702145,Meals
TXN-2270,247.79061010568824,4.871206409580234,Software
TXN-2271,202.67082265794892,3.5145586946913934,Office Supplies
TXN-2272,134.7596009696229,3.8448859186135005,Office Supplies
TXN-2273,251.75387720462905,4.302071047970509,Office Supplies
TXN-2274,246.78643784084304,4.6644363452385225,Software
TXN-2275,133.26315261575888,3.6750947393904667,Meals
TXN-2276,209.86704476608222,4.639185965484737,Software
TXN-2277,161.38932214794494,4.124301768702285,Office Supplies
TXN-2278,217.58211299924236,4.865403036711752,Office Supplies
TXN-2279,248.0036253051813,4.356311437720518,Software
TXN-2280,165.17476175447945,4.944561801843177,Travel
TXN-2281,199.28795902182407,4.574936464811943,Travel
TXN-2282,272.9042674309235,4.060545190287428,Meals
TXN-2283,195.6712760858597,3.0850534957498326,Meals
TXN-2284,159.6255905256548,3.6490383451186137,Office Supplies
TXN-2285,279.4674578802002,3.953589511661524,Software
TXN-2286,288.85720285531954,4.008766464573249,Travel
TXN-2287,238.53769772372448,3.739155526751535,Travel
TXN-2288,173.6220755148862,4.807360430096484,Software
TXN-2289,193.7217354425661,3.75587440101135,Office Supplies
TXN-2290,164.6549818070788,4.061319128917057,Meals
TXN-2291,161.86768792365694,4.503566595390821,Office Supplies
TXN-2292,164.0656655821209,3.3015782445531467,Travel
TXN-2293,205.42386774627616,4.844171392615566,Travel
TXN-2294,245.2058593613742,4.444460906754752,Office Supplies
TXN-2295,176.45929669418535,3.837130610674247,Meals
TXN-2296,198.86899452995567,3.058370090601983,Travel
TXN-2297,219.3102702602201,3.0749228016635577,Office Supplies
TXN-2298,192.08132618847188,3.899056368880432,Travel
TXN-2299,222.93668510360982,4.261733339270454,Software
TXN-2300,163.99043562267946,4.627008637234953,Travel
TXN-2301,221.70145319943256,3.7535387637981463,Software
TXN-2302,230.71267265438004,4.334491174303428,Office Supplies
TXN-2303,238.08935131495204,4.470766338516244,Software
TXN-2304,144.52147646181558,3.101706370261925,Meals
TXN-2305,161.63355420931262,3.67522188186621,Meals
TXN-2306,197.487387220462,4.394038822415423,Travel
TXN-2307,214.76131855872555,3.1625159173285975,Office Supplies
TXN-2308,200.39485292156408,3.645648483490419,Meals
TXN-2309,212.75846072746756,3.78283634586204,Software
TXN-2310,219.45175434473194,4.612382762349372,Office Supplies
TXN-2311,125.71643916364809,3.4202851029331494,Software
TXN-2312,154.4395544658679,3.0169998665535416,Travel
TXN-2313,56.17445485824726,3.04625516092302,Travel
TXN-2314,215.39479422221694,3.326523600071473,Meals
TXN-2315,224.2438470686568,3.546399374774631,Software
TXN-2316,246.54309697337675,4.658660984953981,Meals
TXN-2317,201.2985752892946,3.1935072384720833,Meals
TXN-2318,195.54848590065922,3.0776162752538823,Software
TXN-2319,225.56074279419116,3.819109880777372,Travel
TXN-2320,79.25903903786038,4.693371479870683,Travel
TXN-2321,184.11492297154848,4.708716817420097,Travel
TXN-2322,226.56233521212505,4.809461306170071,Office Supplies
TXN-2323,187.95343584572643,3.015868069896337,Software
TXN-2324,211.39358990602526,3.81412917903412,Office Supplies
TXN-2325,151.42475758944997,4.473270665982778,Software
TXN-2326,186.5451211833967,3.7710919004437065,Travel
TXN-2327,185.70161020664065,3.5426513463528333,Meals
TXN-2328,116.50389432901027,4.9571124484372815,Travel
TXN-2329,160.59225491089765,4.235834794522329,Meals
TXN-2330,243.85320461858458,3.9491982483386203,Office Supplies
TXN-2331,202.49443561958128,4.060985001263454,Travel
TXN-2332,258.5150870454166,4.885507760001416,Software
TXN-2333,258.1421057465212,3.463758885653932,Software
TXN-2334,273.3751599823777,3.1866700559704157,Office Supplies
TXN-2335,195.842084780978,4.624076213628237,Meals
TXN-2336,158.45168424433504,4.114068657308916,Travel
TXN-2337,187.8369658289111,3.25423606994958,Software
TXN-2338,207.8330990870838,3.400451984668325,Software
TXN-2339,182.37629681388978,3.7785267131232203,Meals
TXN-2340,207.31616114291023,4.2112556474751734,Travel
TXN-2341,149.14194664469355,4.975812556837022,Software
TXN-2342,238.40281056327476,4.218899600137931,Travel
TXN-2343,187.0998764747908,4.864498378838712,Meals
TXN-2344,162.09342406657737,3.286329987228503,Software
TXN-2345,120.31456404305854,3.19743083620837,Software
TXN-2346,164.0818323610792,3.692152663445672,Office Supplies
TXN-2347,90.89841037289479,3.861028494853235,Meals
TXN-2348,172.09401401308853,3.415666795220207,Travel
TXN-2349,195.48201826473678,3.3097205830892644,Software
TXN-2350,125.08852292437864,4.054738455099359,Meals
TXN-2351,154.0499944726315,4.584499541212432,Office Supplies
TXN-2352,193.87103904672676,3.993799792284085,Travel
TXN-2353,231.4895097728645,4.437739913638068,Travel
TXN-2354,242.27236454478708,4.60755809834713,Software
TXN-2355,165.24755452093666,3.4403646302410396,Office Supplies
TXN-2356,237.9257181576482,4.086242983695683,Software
TXN-2357,264.62426861338815,4.467067333988117,Travel
TXN-2358,193.88082246040705,3.9603485743083136,Meals
TXN-2359,235.47461309816538,3.9712426334140707,Travel
TXN-2360,312.6976200070724,3.9643638848945093,Meals
TXN-2361,155.95756248592463,4.8699069985146,Travel
TXN-2362,251.26229908016458,3.3141656257031262,Meals
TXN-2363,152.72980615600147,3.3058274799198903,Meals
TXN-2364,176.034661695504,3.385315247898449,Software
TXN-2365,273.57676360458095,4.1099549307782155,Software
TXN-2366,79.84158439207387,3.2299261470077054,Software
TXN-2367,235.99393845668618,4.153739837051319,Travel
TXN-2368,153.4261489090964,3.8728210820079996,Software
TXN-2369,255.01785183690626,3.9710279153001657,Software
TXN-2370,223.36399441039956,4.329131050907606,Office Supplies
TXN-2371,221.6451803447143,4.698316312799754,Office Supplies
TXN-2372,173.58287307167654,4.276619735189347,Office Supplies
TXN-2373,125.7225802039417,3.0503270173311208,Travel
TXN-2374,203.7008879245688,3.4514345686505745,Office Supplies
TXN-2375,152.80670383494834,3.735227360872607,Office Supplies
TXN-2376,219.30958764002696,4.2783214595901375,Meals
TXN-2377,309.29552585284506,4.241887612188605,Meals
TXN-2378,238.01113373693164,4.835207298176877,Software
TXN-2379,266.72942325953426,3.357900972180909,Travel
TXN-2380,249.6394432571759,4.852368070480673,Travel
TXN-2381,110.0325838866811,3.7432164174092515,Travel
TXN-2382,146.7061190406963,3.2493184162840376,Office Supplies
TXN-2383,154.43100199780767,4.581272543894689,Travel
TXN-2384,180.70314749766743,4.880239856999458,Travel
TXN-2385,153.59737329013998,4.975385310581988,Travel
TXN-2386,243.36631054976132,3.4227991127954764,Meals
TXN-2387,133.61300858596866,3.939746213693641,Meals
TXN-2388,261.8198733157713,4.577540176119088,Travel
TXN-2389,178.9585000859649,4.675899253937179,Travel
TXN-2390,206.07436327741,4.676898904895119,Travel
TXN-2391,58.006687084776814,4.632849561668079,Meals
TXN-2392,108.7722463229814,4.45432288158317,Travel
TXN-2393,239.7902407746679,4.848047337141915,Meals
TXN-2394,198.9465565341384,4.748526487435509,Meals
TXN-2395,218.5506692875635,3.578315066260461,Meals
TXN-2396,128.73242988880787,4.900755166169617,Travel
TXN-2397,202.0432594717869,4.2146033023413585,Travel
TXN-2398,248.20044870816542,4.1755401534176135,Office Supplies
TXN-2399,174.71922330751931,4.586879651455658,Office Supplies
TXN-2400,182.18003031335377,4.067690850371829,Office Supplies
TXN-2401,220.5841320946416,4.092434135402159,Office Supplies
TXN-2402,200.7467801126918,3.572365728152919,Travel
TXN-2403,130.6331643540662,4.223705818018932,Office Supplies
TXN-2404,193.8961249693807,4.936084935404828,Travel
TXN-2405,217.9932934393606,4.1447929523649005,Meals
TXN-2406,202.46065580967806,3.512948744081589,Meals
TXN-2407,263.0343762815728,3.335000017773595,Meals
TXN-2408,212.48366802879244,4.682315126064885,Travel
TXN-2409,276.27471314709305,3.484104841983176,Software
TXN-2410,222.5703724893282,4.280467350408566,Meals
TXN-2411,285.90216540407033,4.262038018911491,Meals
TXN-2412,165.25108543284497,4.739703918388629,Travel
TXN-2413,154.80594318169327,4.786849891914922,Office Supplies
TXN-2414,174.62442158907407,4.861218098455626,Software
TXN-2415,84.97473036800992,3.8566110902852717,Office Supplies
TXN-2416,204.50838350598238,4.719534948901053,Meals
TXN-2417,118.49321084779909,4.4667374480592645,Meals
TXN-2418,151.54314467449834,3.0085047473722977,Office Supplies
TXN-2419,239.71095587309122,3.2448145114568607,Software
TXN-2420,230.6009342568193,4.658930906524096,Software
TXN-2421,253.15543713260496,4.093869717435544,Office Supplies
TXN-2422,194.89011980414176,3.1142135884121513,Travel
TXN-2423,190.7149411181244,3.7297027498610835,Software
TXN-2424,292.0654210383357,4.307565056971279,Meals
TXN-2425,212.26367906197822,4.917232903842267,Office Supplies
TXN-2426,118.65490644223057,4.985553557632902,Office Supplies
TXN-2427,217.73153109384018,3.8522479616789367,Office Supplies
TXN-2428,174.13755090170108,3.823929445491488,Office Supplies
TXN-2429,191.5072397802547,4.655996965499359,Meals
TXN-2430,181.96087820733948,3.6349273881714432,Meals
TXN-2431,198.38077861631044,4.6133037017083085,Software
TXN-2432,180.05342415733884,4.596837659426217,Meals
TXN-2433,230.28080534216502,3.4609420647412446,Office Supplies
TXN-2434,209.12553210463403,4.885277803461705,Office Supplies
TXN-2435,264.82428083932723,3.390268792873533,Travel
TXN-2436,158.17042307496328,4.9760638220574815,Meals
TXN-2437,190.65090328802907,3.289036463540254,Travel
TXN-2438,191.39026676908952,4.172708323357874,Meals
TXN-2439,196.98354329257356,4.446597347950565,Office Supplies
TXN-2440,218.25707937784986,3.4396272336611746,Travel
TXN-2441,239.4923499446674,4.862671738590654,Travel
TXN-2442,221.88411112838983,4.39202420684457,Software
TXN-2443,180.5474560903086,3.9425312252485627,Software
TXN-2444,210.70107231939488,3.311776098083118,Office Supplies
TXN-2445,255.06423352639666,4.497248584366243,Travel
TXN-2446,168.51261349018026,3.2790075740150253,Meals
TXN-2447,190.24145459363257,4.219287887973448,Software
TXN-2448,179.2320710558495,4.346263380052969,Meals
TXN-2449,196.95305178202446,4.224791125977977,Software
TXN-2450,189.05915764081416,3.5857205831889045,Software
TXN-2451,200.3777418474631,3.3856542759200883,Travel
TXN-2452,181.33665731914172,3.25488564441524,Office Supplies
TXN-2453,203.95602451003225,4.095684717538121,Software
TXN-2454,199.8254630309346,4.9545766450324615,Travel
TXN-2455,145.03895431049082,4.752234544764249,Meals
TXN-2456,118.2748006500954,3.8638116917441003,Office Supplies
TXN-2457,272.2865775703078,4.031058117187129,Meals
TXN-2458,244.85839401526894,4.0507836933833445,Office Supplies
TXN-2459,229.47992287410125,3.1376551892985822,Meals
TXN-2460,126.36728379365458,3.9165153617652733,Software
TXN-2461,190.4086175164201,4.790217077567821,Office Supplies
TXN-2462,217.57805762753821,4.747848285631425,Software
TXN-2463,265.83414838284625,3.481860457416057,Travel
TXN-2464,219.3018450836109,4.9749571366557745,Software
TXN-2465,146.43539080304845,3.9128441195317434,Software
TXN-2466,140.08698512969198,3.3430144864474682,Travel
TXN-2467,238.1962252079698,4.717895720564099,Travel
TXN-2468,218.6625322295543,4.243744313595885,Travel
TXN-2469,315.4897584177186,3.4989922110952723,Meals
TXN-2470,286.9682890892709,4.040938304893236,Meals
TXN-2471,202.3600138921459,4.783925833886418,Software
TXN-2472,256.4503268356329,3.729867737335913,Travel
TXN-2473,126.78480532215866,3.9096808850120066,Travel
TXN-2474,227.9552922008026,4.31005846748117,Travel
TXN-2475,162.0390135368679,3.3598900396783113,Software
TXN-2476,156.52192602643038,4.453628373676203,Software
TXN-2477,291.0956691028788,4.182835349861447,Travel
TXN-2478,237.5547134874377,4.366726867789389,Travel
TXN-2479,239.45786066120934,3.369053590795154,Office Supplies
TXN-2480,192.020342385883,4.684115275439048,Travel
TXN-2481,204.3134439219955,3.352690446144459,Software
TXN-2482,247.69230355662935,3.4454681598638475,Software
TXN-2483,130.5243203372863,3.825880670077681,Software
TXN-2484,274.06986044848765,4.37993552402735,Meals
TXN-2485,228.78291046050757,4.161691448608199,Travel
TXN-2486,211.91344347119633,4.790944156317705,Office Supplies
TXN-2487,237.71830576098327,4.115699731959133,Office Supplies
TXN-2488,190.19815824627725,4.430160411342047,Software
TXN-2489,160.84890503641404,3.3666510020653178,Travel
TXN-2490,308.3650390771602,3.777593036476988,Office Supplies
TXN-2491,223.2404820282778,4.636802107228343,Office Supplies
TXN-2492,171.9419936852091,3.203553207504217,Office Supplies
TXN-2493,234.10676131329546,4.07514058277209,Office Supplies
TXN-2494,222.19460477231786,4.3399370563051445,Software
TXN-2495,290.0411409666714,4.153579764248896,Software
TXN-2496,201.69562806046628,4.6188856742452655,Software
TXN-2497,244.66318388145427,4.370216850021962,Office Supplies
TXN-2498,209.68612440969002,3.5821407618127163,Travel
TXN-2499,189.2981428131615,4.212700575626155,Travel
TXN-2500,121.45343443545275,4.519409300653566,Software
TXN-2501,263.1454167503054,4.4867648345032105,Office Supplies
TXN-2502,310.955130667355,3.6705897102637675,Meals
TXN-2503,189.59619299646954,3.5995420299913965,Meals
TXN-2504,254.81350896874835,4.296862209864443,Office Supplies
TXN-2505,190.3004204203458,3.8161196483914717,Office Supplies
TXN-2506,133.59646478679116,4.844439605642473,Meals
TXN-2507,179.20720425123648,3.059104551939387,Software
TXN-2508,171.4299770574073,3.2339029585383816,Software
TXN-2509,213.01976182803685,3.0324110102546147,Office Supplies
TXN-2510,174.02567848909916,3.360580989482594,Software
TXN-2511,170.55010044562738,4.166729884679462,Meals
TXN-2512,271.52267403295957,3.429006275546489,Software
TXN-2513,190.11826638648358,4.718311603007345,Meals
TXN-2514,118.431563224089,3.705664955230862,Meals
TXN-2515,204.58465796243445,4.5210019426789625,Office Supplies
TXN-2516,246.3397923764761,4.127603581192109,Office Supplies
TXN-2517,181.7395472510508,3.2306916695391115,Office Supplies
TXN-2518,162.89141058667957,3.3585447305435965,Software
TXN-2519,216.96551109257143,3.673859766142413,Travel
TXN-2520,239.45586943984318,4.323743971123656,Meals
TXN-2521,234.07361617290218,3.3866184986186934,Meals
TXN-2522,221.1766300909958,4.092574542853898,Meals
TXN-2523,197.18205846147572,4.122635472896888,Meals
TXN-2524,227.53219522552888,4.129465811543119,Office Supplies
TXN-2525,145.78989399277702,3.3884523436821032,Meals
TXN-2526,206.4850024016879,3.3576431270133567,Travel
TXN-2527,225.60394848731264,4.68981132866271,Travel
TXN-2528,330.19077073934216,4.29419292687805,Travel
TXN-2529,233.44537744499004,4.0459828936045055,Office Supplies
TXN-2530,197.95471736802588,4.7558091268212435,Meals
TXN-2531,248.1366423142802,3.653908078239314,Meals
TXN-2532,177.97143260508733,4.770490194288869,Travel
TXN-2533,106.13132556042578,4.441505362672086,Travel
TXN-2534,261.68644876759873,4.546240048957229,Office Supplies
TXN-2535,208.75075841420767,4.690466623154887,Travel
TXN-2536,244.90889319210234,3.6121272943248486,Office Supplies
TXN-2537,209.83904295670735,3.1863005370275728,Meals
TXN-2538,170.75768408280518,3.1195034666040744,Software
TXN-2539,174.61423192338145,4.961928111781365,Office Supplies
TXN-2540,181.0836296090867,4.680681254321202,Meals
TXN-2541,186.5163948462442,3.0317493172862635,Office Supplies
TXN-2542,210.39655984694093,4.47034811586438,Software
TXN-2543,181.25662965818105,4.147355177372058,Meals
TXN-2544,199.66706861453008,4.074109594798094,Office Supplies
TXN-2545,231.05767149350237,3.244670293181482,Travel
TXN-2546,156.38876950872782,3.3494460905041064,Meals
TXN-2547,173.53507122180008,4.6830664614298625,Meals
TXN-2548,175.281808451393,3.3846900399755135,Meals
TXN-2549,51.05834060315033,4.753208426642304,Office Supplies
TXN-2550,255.72591709604288,4.10097328687001,Software
TXN-2551,64.61550679752531,4.430521096792257,Travel
TXN-2552,217.52787208513703,3.4255426372478848,Meals
TXN-2553,196.73428401139353,4.121867198945819,Software
TXN-2554,262.129740992575,4.112245948088467,Office Supplies
TXN-2555,213.53324687978773,3.737486998226183,Travel
TXN-2556,193.1112745533948,4.463158299992853,Software
TXN-2557,244.7355504156692,3.81733434425799,Office Supplies
TXN-2558,258.9465244200709,3.541509616644121,Software
TXN-2559,195.7866544948708,4.991809616324202,Travel
TXN-2560,214.8922378126537,4.490189428706222,Meals
TXN-2561,202.41120723329905,4.6906889681666435,Software
TXN-2562,248.27980257159666,3.8984672928829713,Meals
TXN-2563,161.89046343847653,4.900434609664052,Office Supplies
TXN-2564,204.0098061486679,4.959282370312117,Meals
TXN-2565,289.41640282599167,3.434065926925662,Travel
TXN-2566,226.61124908357587,4.172393376628587,Office Supplies
TXN-2567,163.48974874664816,3.915282258345112,Meals
TXN-2568,188.74700335935643,3.0962739292431447,Travel
TXN-2569,190.17610415766603,4.678696931335589,Travel
TXN-2570,199.39159325725828,3.113594930222007,Software
TXN-2571,197.41277008683133,4.436550113045216,Office Supplies
TXN-2572,240.7909344166292,3.3810890379888656,Meals
TXN-2573,160.43379713487334,4.328079168534929,Meals
TXN-2574,206.0584009071944,3.493984122596541,Meals
TXN-2575,155.94897535667477,4.650616931813297,Meals
TXN-2576,178.88191497755815,4.022748843499922,Meals
TXN-2577,164.65182612560992,4.957975163738482,Meals
TXN-2578,152.3027833570444,4.587874049553131,Office Supplies
TXN-2579,185.78767406111479,3.9240907679390395,Office Supplies
TXN-2580,268.2136350500198,3.5204949928651916,Software
TXN-2581,168.5418325994831,3.888585838514204,Travel
TXN-2582,270.0395430471508,3.230933664350443,Travel
TXN-2583,188.51237518745023,3.048721056069849,Office Supplies
TXN-2584,244.7750631913357,3.9004277077798077,Meals
TXN-2585,197.7732127472397,3.4798621979537057,Meals
TXN-2586,196.287391507674,4.835777161751901,Software
TXN-2587,154.0655153387887,4.989580062863874,Meals
TXN-2588,219.9402081342542,4.002200188707497,Meals
TXN-2589,249.69121049051873,3.7177979722951076,Travel
TXN-2590,191.9707287158977,4.85967826436688,Meals
TXN-2591,229.61092056088944,3.527332235446339,Software
TXN-2592,230.58307650047138,4.7191666161345935,Office Supplies
TXN-2593,206.74732678687786,4.439202509776163,Office Supplies
TXN-2594,227.78571674712603,3.7963113615671045,Meals
TXN-2595,212.97336882249706,4.784738528589337,Office Supplies
TXN-2596,172.13375089831683,4.710632475324478,Software
TXN-2597,271.4655014740232,4.498899384398798,Meals
TXN-2598,108.11517513348782,4.5876709262563,Meals
TXN-2599,232.37090378594402,3.868681204247843,Office Supplies
TXN-2600,248.16159977757613,3.8413259828189967,Meals
TXN-2601,185.87560570442662,4.4497944112735,Software
TXN-2602,247.34067818731364,4.3073877598979085,Meals
TXN-2603,187.87457474837123,4.732162033121057,Meals
TXN-2604,185.12491382224852,3.9463714700869374,Office Supplies
TXN-2605,235.60454455247594,4.5485752052145685,Travel
TXN-2606,140.9536878864436,4.4572998763061475,Meals
TXN-2607,208.45385379642238,4.4424064301029595,Travel
TXN-2608,164.8977405222233,3.28550440294971,Travel
TXN-2609,152.08873291780554,4.513914080981786,Travel
TXN-2610,206.82668021025336,4.106512249634014,Travel
TXN-2611,205.81771922803165,3.4524419214815145,Meals
TXN-2612,149.1457291066613,4.8693597321978945,Software
TXN-2613,250.66703047514042,4.900615305453107,Meals
TXN-2614,288.3193677864236,3.474189316017202,Office Supplies
TXN-2615,234.6240520408695,3.7323521723510646,Office Supplies
TXN-2616,189.96303000706084,4.706684697107681,Travel
TXN-2617,280.06038440777104,4.543530315570291,Software
TXN-2618,197.85659503051852,3.46236193498036,Meals
TXN-2619,272.01613881014583,4.853850992911292,Meals
TXN-2620,137.61370872778525,3.7950088144544583,Software
TXN-2621,223.83638715400173,4.347858357571668,Software
TXN-2622,197.97606897451698,4.547782899513162,Software
TXN-2623,233.81015214757934,4.816961417180373,Office Supplies
TXN-2624,174.41715784271844,4.636793595948177,Office Supplies
TXN-2625,261.9152756619811,4.582955286730923,Office Supplies
TXN-2626,148.3662508388972,4.59380116136801,Travel
TXN-2627,252.05244342076804,4.055560683120538,Office Supplies
TXN-2628,198.86288825760872,4.588745125084038,Travel
TXN-2629,278.7866923517996,3.8011277472987537,Office Supplies
TXN-2630,216.1695320526789,4.119081861597497,Software
TXN-2631,157.23610377545296,3.319913759355069,Software
TXN-2632,150.38840134441637,3.465889508255301,Software
TXN-2633,247.4060764215644,3.681236077546485,Travel
TXN-2634,177.1122023682042,3.6187249778524633,Software
TXN-2635,135.86301714960769,3.4584030887451886,Travel
TXN-2636,246.29545121846792,3.082072246100045,Meals
TXN-2637,169.13660493640577,3.6795191658358384,Software
TXN-2638,170.15696497884932,3.969749323609648,Software
TXN-2639,227.85423172253323,3.974135337369483,Office Supplies
TXN-2640,234.3137476363859,3.0583472689719917,Travel
TXN-2641,176.94317858975842,3.5117530013377802,Software
TXN-2642,240.13594224508103,4.8561490126433124,Meals
TXN-2643,269.62555987388026,4.57551487087132,Travel
TXN-2644,208.1501571467655,3.84431697513397,Software
TXN-2645,175.9029884553767,3.384791633876186,Office Supplies
TXN-2646,170.01314515825874,4.147909672615118,Software
TXN-2647,186.5959214705063,4.062447544531546,Travel
TXN-2648,207.67475225938733,4.688554466349479,Software
TXN-2649,164.10561444317034,4.072474296597642,Travel
TXN-2650,182.4070940679391,3.7313092199625437,Travel
TXN-2651,161.82065655599592,3.7294041279096852,Meals
TXN-2652,234.4837746130341,3.562564238997718,Meals
TXN-2653,199.02824603169208,4.354348591947998,Software
TXN-2654,288.76479561909684,3.780698866904878,Travel
TXN-2655,215.89104460259665,3.117004530977932,Meals
TXN-2656,133.197019645939,3.5339705257238823,Meals
TXN-2657,118.36695884809957,3.517582306064474,Travel
TXN-2658,188.3119316278362,4.0971055586289475,Office Supplies
TXN-2659,182.21653615157845,4.007185963663689,Software
TXN-2660,169.64821178257375,3.98667391316979,Office Supplies
TXN-2661,232.57675919016387,3.5133618883943214,Meals
TXN-2662,165.67862865532345,4.0895153157864765,Meals
TXN-2663,183.06266058959085,4.798438642296002,Travel
TXN-2664,203.41565883126788,4.026922022706092,Software
TXN-2665,139.11126699968696,4.130830776903329,Travel
TXN-2666,211.66404396252608,4.510432372121043,Office Supplies
TXN-2667,203.47743105778196,3.162324633992059,Travel
TXN-2668,182.81525951546064,3.1514822140835985,Travel
TXN-2669,149.7457614873208,4.815021343693425,Office Supplies
TXN-2670,168.41555608912495,3.3502597644349654,Software
TXN-2671,314.7980522242977,4.863779972538891,Travel
TXN-2672,180.27686937966618,4.813505367014078,Office Supplies
TXN-2673,288.20099467735844,3.3050951306986414,Meals
TXN-2674,251.11771642765078,3.2368800045452026,Meals
TXN-2675,184.97943631755254,4.483132181603697,Office Supplies
TXN-2676,213.67625831683506,3.077218950771915,Meals
TXN-2677,198.55837925481654,4.961837890935238,Office Supplies
TXN-2678,145.83422179396226,3.155556366257493,Meals
TXN-2679,283.1397995854999,4.175134299376088,Office Supplies
TXN-2680,95.391500399772,3.271792849177273,Office Supplies
TXN-2681,163.83765414114623,3.0398956490838605,Travel
TXN-2682,246.2222828366337,3.5303324802427523,Office Supplies
TXN-2683,213.48176399437014,4.404975531297468,Meals
TXN-2684,244.8452334924173,3.3547116123576433,Meals
TXN-2685,201.94738322116436,3.539261135910304,Office Supplies
TXN-2686,230.4185640601603,3.318479244944265,Meals
TXN-2687,225.9176154703958,3.265904507840209,Travel
TXN-2688,225.1943093384438,3.6132628614191717,Software
TXN-2689,138.3756637460884,3.345136604029742,Office Supplies
TXN-2690,149.95946456704266,3.5332388168448468,Office Supplies
TXN-2691,238.9200135127195,3.8980162113199692,Meals
TXN-2692,243.55419638595873,4.180799517147468,Office Supplies
TXN-2693,183.78899281092657,4.349900139809547,Software
TXN-2694,131.30670777650917,3.4816966892460757,Office Supplies
TXN-2695,184.45429380250562,3.069255304022057,Software
TXN-2696,182.11595529748288,3.9894253017159946,Travel
TXN-2697,115.05260948894764,4.590076248524515,Meals
TXN-2698,135.76847767472987,3.567988153364732,Meals
TXN-2699,220.47287136550227,3.870998817898509,Meals
TXN-2700,143.41212817017356,4.423951022140183,Meals
TXN-2701,153.47074290714335,4.863296287374465,Travel
TXN-2702,267.9511466780951,4.4013058230788,Office Supplies
TXN-2703,118.6370160476569,3.0659139405828286,Travel
TXN-2704,178.31278808152126,3.7810569500398428,Travel
TXN-2705,219.64046283205136,3.40124195137302,Office Supplies
TXN-2706,176.24833740355913,3.519385430397328,Software
TXN-2707,211.42322613802668,4.785182904463213,Software
TXN-2708,154.70385571469396,3.311271473040818,Software
TXN-2709,205.59588797744598,4.450031112371775,Meals
TXN-2710,219.25778335300743,3.1293156511880644,Software
TXN-2711,257.98961282306027,4.739895992271821,Office Supplies
TXN-2712,191.2943284191937,4.052193403533234,Software
TXN-2713,310.7623250371592,3.3541359448418873,Office Supplies
TXN-2714,147.5571064402198,3.088762950813064,Office Supplies
TXN-2715,201.9897781887305,3.528205145315853,Office Supplies
TXN-2716,183.97912520219757,4.010026206870108,Meals
TXN-2717,180.78785227828226,4.653951622856356,Software
TXN-2718,246.26105779581798,4.309353791634674,Travel
TXN-2719,133.55846870993324,4.585096348950927,Meals
TXN-2720,134.96478539936962,3.148660401505447,Travel
TXN-2721,260.80719687247296,4.801957324740807,Software
TXN-2722,193.64583650465332,3.6244095868182242,Travel
TXN-2723,159.01610015493247,4.552093947636877,Office Supplies
TXN-2724,258.50481777577113,4.532093978233382,Meals
TXN-2725,191.97272624473908,4.053242003775487,Office Supplies
TXN-2726,92.71730075095985,3.00730635446451,Meals
TXN-2727,195.8486658557072,4.638038682032307,Software
TXN-2728,210.6388988966397,4.618024185489049,Software
TXN-2729,180.15404836942534,3.338997681050608,Meals
TXN-2730,111.5928641621311,4.158030092403586,Travel
TXN-2731,282.19735535027496,4.454795820216165,Office Supplies
TXN-2732,235.58322882313325,4.19761814824113,Meals
TXN-2733,196.14824699824413,4.877866077475722,Office Supplies
TXN-2734,199.97682159223857,3.2469295959791737,Travel
TXN-2735,176.83434900420144,3.437735174429999,Office Supplies
TXN-2736,200.10402477646545,3.9058137212177444,Software
TXN-2737,200.96798910904417,4.725582988662676,Software
TXN-2738,272.59968479410884,4.94753025551431,Meals
TXN-2739,226.378621303442,4.177471514867812,Travel
TXN-2740,141.81862079922644,3.40595562834326,Meals
TXN-2741,225.6634192703764,4.359427188132814,Travel
TXN-2742,328.6059352640266,4.766601100132056,Travel
TXN-2743,143.61476384818562,4.155530378384416,Travel
TXN-2744,167.4662516726853,3.8212128219752266,Travel
TXN-2745,203.4460759303932,4.216706161278816,Office Supplies
TXN-2746,188.3717725781409,3.6990089266762416,Meals
TXN-2747,258.2795659363525,3.7060301920335457,Travel
TXN-2748,250.00312966344256,3.6973325521388447,Office Supplies
TXN-2749,195.6169294899824,3.2012332588279877,Office Supplies
TXN-2750,307.5626990340394,4.62417621256788,Travel
TXN-2751,130.71320452267034,3.869871613950572,Office Supplies
TXN-2752,162.0090071351509,4.389011219314048,Meals
TXN-2753,164.6867375947108,3.3686112385024263,Software
TXN-2754,235.58549233897696,3.9295833194220586,Meals
TXN-2755,157.01554270266735,4.349006390802353,Software
TXN-2756,245.95460730293968,3.8868199609415615,Software
TXN-2757,131.87585479584214,3.995869241659329,Travel
TXN-2758,236.60260780449426,3.744570641001376,Software
TXN-2759,230.6505350534288,3.048600667354262,Meals
TXN-2760,196.62574433322382,4.412467903958249,Software
TXN-2761,195.71270236971682,3.5178088667217295,Office Supplies
TXN-2762,165.61169924663596,4.801563096978606,Travel
TXN-2763,216.96138806424804,3.22378845826845,Office Supplies
TXN-2764,213.6320670181887,3.4820137300247556,Software
TXN-2765,186.47801659477128,4.096161000142332,Software
TXN-2766,188.56410077738886,3.953342290321142,Software
TXN-2767,184.94447472080296,4.645753226427722,Software
TXN-2768,203.59108454965528,4.613198633687994,Software
TXN-2769,243.2941488160347,3.724070214607914,Travel
TXN-2770,298.99047454970645,4.741474563238588,Meals
TXN-2771,204.648905848653,3.397840215770081,Travel
TXN-2772,277.85972384652626,4.674520826672863,Meals
TXN-2773,189.21489397118444,3.206942554691369,Software
TXN-2774,274.90171880416875,4.2975275257924,Office Supplies
TXN-2775,261.0324567010268,4.736897886557983,Travel
TXN-2776,177.24564290381062,4.375907808898108,Office Supplies
TXN-2777,147.91414154871012,3.0029537450502763,Meals
TXN-2778,175.1703454704359,4.183952819575431,Meals
TXN-2779,204.6566892658899,3.5662624141642443,Office Supplies
TXN-2780,206.8159838111429,3.421424977547497,Office Supplies
TXN-2781,213.38747319614467,3.2767121234584113,Meals
TXN-2782,234.8633035182845,3.7070965092807597,Travel
TXN-2783,223.73263945574442,4.63001124773226,Travel
TXN-2784,149.61782797164346,3.258732274837676,Software
TXN-2785,146.87810762959185,3.005708270416622,Office Supplies
TXN-2786,122.31639404787018,4.232567434199678,Travel
TXN-2787,224.62123107564997,3.934000431533822,Software
TXN-2788,200.6275074708587,4.14764524050805,Software
TXN-2789,109.35974976325198,3.446915934512589,Travel
TXN-2790,262.3160338549877,3.411929683926258,Office Supplies
TXN-2791,176.80345452683235,3.0295159246257723,Office Supplies
TXN-2792,234.71065450967197,3.386953844831957,Office Supplies
TXN-2793,119.43056233557091,4.127267882759464,Travel
TXN-2794,162.76646653473918,3.8723282887242236,Software
TXN-2795,194.08595971236605,3.397147549611871,Software
TXN-2796,264.2541965892983,4.908347248727877,Meals
TXN-2797,216.46355926014076,4.386171586626379,Travel
TXN-2798,214.47952356466834,4.939763786992645,Office Supplies
TXN-2799,294.00095938856157,3.3362339321575583,Meals
TXN-2800,171.62501727796587,4.895523111958727,Meals
TXN-2801,198.81537779518897,4.532323076524779,Meals
TXN-2802,197.99004541817223,3.6681067705117867,Software
TXN-2803,177.86479498563529,4.461177026676764,Travel
TXN-2804,155.15518802802697,3.992364773184578,Office Supplies
TXN-2805,197.60722769944763,3.2057195934838036,Meals
TXN-2806,248.92625182397788,3.5616342386978928,Software
TXN-2807,295.1917420454113,3.4695632002242753,Meals
TXN-2808,139.87402197948907,4.603479421556501,Office Supplies
TXN-2809,188.69905940826595,4.833585629516731,Meals
TXN-2810,123.4702241675666,3.0936211644671294,Software
TXN-2811,149.28227508250396,4.289618115767414,Travel
TXN-2812,219.61448346511932,3.6630817632822525,Software
TXN-2813,200.6047431000534,3.6087852530912174,Travel
TXN-2814,226.47843650815858,4.9392539391976005,Software
TXN-2815,189.75673816057295,4.391011081207509,Meals
TXN-2816,265.58025352772864,4.002894791440457,Office Supplies
TXN-2817,189.82826244328712,3.403377605541314,Meals
TXN-2818,152.11394689314284,4.801443492640322,Software
TXN-2819,218.75521365098504,3.440890888721942,Office Supplies
TXN-2820,235.1104133419156,4.231489656976219,Software
TXN-2821,198.66619370519226,3.9059527243793886,Software
TXN-2822,111.42909137075647,3.598743264934406,Meals
TXN-2823,141.41911962981004,3.6508183970373915,Office Supplies
TXN-2824,290.30911638184426,4.115483556501167,Office Supplies
TXN-2825,176.57145107802185,3.163426834275456,Meals
TXN-2826,118.0573182943865,4.950293890921112,Travel
TXN-2827,194.26585238353755,3.5849438121478685,Software
TXN-2828,236.60214625682076,4.177180488592223,Travel
TXN-2829,215.6742111546839,4.183465408037587,Office Supplies
TXN-2830,225.31062936566647,3.9063943691278564,Travel
TXN-2831,176.53305110762616,3.5054207195197975,Travel
TXN-2832,259.8513724026549,3.6554629225405195,Software
TXN-2833,222.62710104185638,3.6178892927845077,Travel
TXN-2834,176.54173016757207,4.062843292084933,Meals
TXN-2835,231.29874406533375,4.24697034639047,Meals
TXN-2836,157.43720267923226,3.281893108682713,Travel
TXN-2837,217.53024986360876,4.443367825487527,Software
TXN-2838,211.52882799619013,4.696563353570512,Meals
TXN-2839,284.41602333343366,4.229239580598763,Software
TXN-2840,108.90697573787381,3.2884440939504866,Meals
TXN-2841,202.55038014032968,4.852545225429744,Software
TXN-2842,165.7583179710889,3.013230042746278,Travel
TXN-2843,221.47949578679214,4.867643149293864,Meals
TXN-2844,257.8369773825894,3.3171559342003194,Meals
TXN-2845,247.7911692063364,3.296591493535308,Travel
TXN-2846,193.70878930193706,4.840666788869423,Software
TXN-2847,204.15958901647738,4.54237080132396,Travel
TXN-2848,263.0375094360018,4.284730437121064,Office Supplies
TXN-2849,217.63304741438995,3.4603326773045797,Meals
TXN-2850,261.73219939121986,4.9425248179051415,Travel
TXN-2851,255.27378574847245,4.999862687986386,Office Supplies
TXN-2852,236.78118103362317,4.039386405876984,Office Supplies
TXN-2853,134.8667427471239,3.7343899358153503,Office Supplies
TXN-2854,150.14424450204427,3.0309125736989637,Travel
TXN-2855,140.38795268910405,3.031199777731401,Office Supplies
TXN-2856,234.40111957771757,4.265863567778067,Office Supplies
TXN-2857,230.27010633843423,4.953461619340552,Travel
TXN-2858,187.6365069484037,3.1877541546637413,Office Supplies
TXN-2859,172.2679719821422,4.279396231502812,Meals
TXN-2860,196.49500086693703,4.581830333767484,Travel
TXN-2861,286.63072893677463,3.4692188837798907,Meals
TXN-2862,238.69058154342432,4.688117891055749,Office Supplies
TXN-2863,257.41047079908617,3.283456679908017,Travel
TXN-2864,190.92771964464944,3.0289770483925826,Software
TXN-2865,162.95641450292652,3.7015534610743197,Office Supplies
TXN-2866,153.19731435432152,3.7655969683727326,Office Supplies
TXN-2867,234.1779625076377,4.8005302872946425,Office Supplies
TXN-2868,145.52332004604932,3.7634811117162723,Software
TXN-2869,175.6818367875745,3.583064651396561,Meals
TXN-2870,195.8301664483932,4.7188071745659315,Software
TXN-2871,202.04737522180304,3.700812374965103,Software
TXN-2872,170.39037831021685,3.9258767621852746,Travel
TXN-2873,227.74838910858395,3.2135014167855567,Meals
TXN-2874,190.6407888032791,3.172065924776713,Office Supplies
TXN-2875,270.0218017614926,4.572948571718772,Travel
TXN-2876,247.67685731765727,4.8870473984697895,Meals
TXN-2877,245.85306805086287,4.429959984247429,Software
TXN-2878,225.13303822934554,4.767415534904261,Software
TXN-2879,255.460008558328,3.6750082379353843,Meals
TXN-2880,218.12986188480411,4.341420247738457,Office Supplies
TXN-2881,244.73047616631393,4.402710102703486,Meals
TXN-2882,148.2670612783094,3.6727241468877345,Meals
TXN-2883,244.06106240015248,3.1166015860959697,Office Supplies
TXN-2884,218.7106000305019,4.883047824358789,Software
TXN-2885,265.7358692228162,4.208073560283743,Meals
TXN-2886,243.02716462413804,3.8421769082002344,Meals
TXN-2887,223.0790907681315,3.1851107803441474,Office Supplies
TXN-2888,150.1823882190851,4.735476361298893,Office Supplies
TXN-2889,148.36473752403333,3.9187578407913772,Office Supplies
TXN-2890,246.33390672690086,3.3328439184593384,Meals
TXN-2891,228.89677398448293,4.148946148797211,Travel
TXN-2892,226.25045371085955,4.277006384357728,Software
TXN-2893,266.85222614470183,3.648608705363797,Office Supplies
TXN-2894,199.09969928896732,3.11005640322293,Software
TXN-2895,193.37682229381633,4.592268526672784,Travel
TXN-2896,168.69282120279388,3.8794319434612006,Software
TXN-2897,199.7948143224177,3.3559583508512056,Software
TXN-2898,157.88285782445627,4.9163963511747735,Office Supplies
TXN-2899,259.4722917475628,3.0086639808305797,Software
TXN-2900,224.78522275843588,4.846664209195423,Software
TXN-2901,231.11944279838386,3.2013591493059943,Office Supplies
TXN-2902,147.7791206519099,3.9060991404860954,Meals
TXN-2903,181.44397156792763,3.732005218144341,Software
TXN-2904,195.72197964989851,3.272506733295463,Travel
TXN-2905,232.5211885553827,4.079005547287887,Travel
TXN-2906,217.6990664158999,3.752286336418918,Meals
TXN-2907,187.82497681754148,4.598367919733604,Meals
TXN-2908,170.53868737675452,4.961590077480043,Travel
TXN-2909,218.33563336242648,4.254350319016953,Software
TXN-2910,308.03081122107915,4.197626744948786,Office Supplies
TXN-2911,96.18489770772108,3.6020753245927124,Office Supplies
TXN-2912,176.81223528964367,4.745328091251865,Meals
TXN-2913,251.86325862766114,3.6256227351219223,Office Supplies
TXN-2914,174.60171988394058,3.537126010457593,Travel
TXN-2915,165.9206921263337,3.378430124642952,Office Supplies
TXN-2916,216.4789082376605,4.532684175578961,Travel
TXN-2917,174.3338155714108,4.1441749702539985,Office Supplies
TXN-2918,112.28354821456504,4.172290338356236,Office Supplies
TXN-2919,196.97693993289076,3.641609049933172,Office Supplies
TXN-2920,55.34137872772618,3.5544114161543634,Software
TXN-2921,301.40967544811315,4.9957279202669325,Meals
TXN-2922,205.32541765243644,4.841902772815195,Travel
TXN-2923,185.29101124217635,3.580522726195998,Travel
TXN-2924,192.45481682110542,4.973531103500683,Meals
TXN-2925,99.3065422001616,3.914724009929958,Travel
TXN-2926,238.28750188747907,4.030220096396194,Travel
TXN-2927,265.900851437872,3.697861869482751,Travel
TXN-2928,198.56448061885237,4.27103444849441,Office Supplies
TXN-2929,199.50560837449916,4.748866367052173,Meals
TXN-2930,207.8071385066501,3.7393056009251904,Meals
TXN-2931,240.18872326146874,4.789005511546268,Travel
TXN-2932,252.99567647451155,4.234091431965376,Travel
TXN-2933,249.30030128310108,4.023037939302446,Travel
TXN-2934,204.85239992981374,3.0181296334419017,Software
TXN-2935,185.1721915692153,4.790573124065069,Meals
TXN-2936,256.79235533458626,4.752440965528553,Meals
TXN-2937,225.7676090155947,4.65420178808499,Office Supplies
TXN-2938,278.8861433526349,4.535191882725931,Office Supplies
TXN-2939,254.29002251583583,4.55400389241916,Software
TXN-2940,114.19769418842125,3.0599956135139177,Travel
TXN-2941,161.6392500353806,4.199795435769415,Meals
TXN-2942,149.4923535340392,4.382062184562523,Office Supplies
TXN-2943,183.04530597760876,3.0671968744842606,Meals
TXN-2944,218.19364587864703,4.769050010537207,Travel
TXN-2945,199.11874052508932,4.68478321308994,Meals
TXN-2946,195.2064854758379,3.2013750582361693,Travel
TXN-2947,144.24217830293526,4.94167037008927,Travel
TXN-2948,239.18279135895943,3.372336458996073,Office Supplies
TXN-2949,234.00897118247585,3.8810087900955947,Travel
TXN-2950,188.85983839710136,4.683072247939501,Meals
TXN-2951,185.15018127904509,3.022740652845954,Software
TXN-2952,154.58616710033073,4.918895097873141,Software
TXN-2953,198.14821322712191,3.637548317388603,Office Supplies
TXN-2954,210.7647402140385,3.758908398570892,Meals
TXN-2955,228.1047010335981,4.315442350827563,Office Supplies
TXN-2956,33.65968140121808,4.673133421558885,Software
TXN-2957,245.13561095386336,4.20136702318175,Software
TXN-2958,266.2891501632671,4.917193247516839,Office Supplies
TXN-2959,141.48210240024218,4.119244136374202,Office Supplies
TXN-2960,222.38175188740175,4.171043586476849,Software
TXN-2961,164.56741770172349,4.7514668043321135,Meals
TXN-2962,150.20240347634478,4.722195145049584,Software
TXN-2963,127.04098942051961,4.111658864079464,Meals
TXN-2964,84.89226719387051,3.2110370419464243,Office Supplies
TXN-2965,268.6176331770439,4.646188769462763,Office Supplies
TXN-2966,262.01133875064403,3.865920758242199,Software
TXN-2967,223.78799134794923,4.963414863468563,Travel
TXN-2968,172.75237767980008,3.053476500580899,Software
TXN-2969,182.22949509863952,4.351909789596807,Meals
TXN-2970,242.2904373245446,4.786879468630241,Office Supplies
TXN-2971,111.44745596026048,4.214164734046732,Software
TXN-2972,227.27045571881484,4.723914479124515,Office Supplies
TXN-2973,252.6825016766228,3.9988444544731063,Travel
TXN-2974,288.8191841056362,3.1855877656120044,Travel
TXN-2975,226.61562468908875,4.997581055099343,Software
TXN-2976,183.18596450784827,3.4180670878889075,Office Supplies
TXN-2977,191.1577452240349,4.4416605121013735,Office Supplies
TXN-2978,159.4189204143556,4.5028728966138125,Software
TXN-2979,161.0645111448823,3.6820582287555186,Meals
TXN-2980,142.85473534791464,3.1487962993439123,Software
TXN-2981,216.14438399216905,4.919976149888694,Office Supplies
TXN-2982,192.93995197559173,3.7884131283453346,Meals
TXN-2983,284.8009238303774,3.4671479271267422,Travel
TXN-2984,205.52689043955732,4.213289085063812,Meals
TXN-2985,214.82167674309858,4.692047854229931,Office Supplies
TXN-2986,135.00199995386026,4.755955816342524,Office Supplies
TXN-2987,218.99335412934505,4.00537831455925,Travel
TXN-2988,203.90582016966607,3.0728760738727137,Software
TXN-2989,83.84261398464079,4.272127122231323,Software
TXN-2990,241.6696261713138,3.0357961969454923,Office Supplies
TXN-2991,191.22529347687436,3.9922111445220674,Travel
TXN-2992,198.44530983918514,3.823016521216849,Travel
TXN-2993,139.80094392336687,4.203089148597146,Software
TXN-2994,191.90644171763844,3.122047122943002,Office Supplies
TXN-2995,223.03593928047877,4.136568302536526,Meals
TXN-2996,101.37739905552856,3.183154237445696,Software
TXN-2997,254.39308717609921,4.217433078471199,Meals
TXN-2998,226.22007302539055,4.127134892823142,Meals
TXN-2999,221.21384790538076,3.7884173025058447,Software
FLAG-0,5000.0,1.2,Office Supplies
FLAG-1,7500.0,0.5,Software
FLAG-2,12000.0,1.0,Travel
FLAG-3,4500.0,2.1,Meals
FLAG-4,8000.0,0.8,Office Supplies
