EmployeeID,Age,MonthlyIncome,DistanceHome,YearsAtCompany,Overtime,Department,Attrition
EMP-1000,50,5717,44,11,1,Sales,0
EMP-1001,36,13524,45,4,0,HR,0
EMP-1002,29,14568,42,1,1,Sales,1
EMP-1003,42,7524,47,9,1,HR,0
EMP-1004,40,12692,13,8,0,Sales,0
EMP-1005,44,11477,22,8,1,HR,0
EMP-1006,32,10311,21,14,0,HR,0
EMP-1007,32,14687,22,10,1,Sales,1
EMP-1008,45,10186,28,6,0,Sales,0
EMP-1009,57,5065,9,7,1,HR,0
EMP-1010,45,3768,26,6,0,R&D,0
EMP-1011,24,8490,9,9,1,Sales,1
EMP-1012,43,14249,15,3,0,R&D,0
EMP-1013,23,9645,10,14,1,Sales,0
EMP-1014,45,8083,24,3,1,Sales,0
EMP-1015,51,8232,42,3,1,Sales,1
EMP-1016,59,13353,8,10,1,Sales,0
EMP-1017,23,14485,24,3,1,R&D,0
EMP-1018,42,8797,16,9,1,Sales,0
EMP-1019,54,12138,49,12,1,HR,0
EMP-1020,33,7926,26,4,1,HR,0
EMP-1021,43,9016,27,13,1,R&D,0
EMP-1022,46,6335,37,7,0,Sales,0
EMP-1023,48,11038,4,14,0,HR,0
EMP-1024,49,7873,24,9,1,R&D,0
EMP-1025,37,4481,19,11,0,Sales,0
EMP-1026,36,13093,36,12,1,HR,1
EMP-1027,24,9305,39,7,1,HR,0
EMP-1028,58,6451,10,9,0,R&D,0
EMP-1029,28,3054,25,12,1,Sales,1
EMP-1030,42,10643,18,3,1,Sales,1
EMP-1031,30,13015,19,4,0,HR,0
EMP-1032,39,6462,36,14,0,HR,0
EMP-1033,25,14271,10,8,1,HR,0
EMP-1034,46,3832,33,6,0,Sales,0
EMP-1035,35,13998,5,5,0,R&D,0
EMP-1036,30,8954,47,13,1,R&D,1
EMP-1037,47,13682,49,4,0,Sales,0
EMP-1038,23,11519,35,8,0,R&D,0
EMP-1039,41,10221,44,1,1,HR,1
EMP-1040,49,6310,34,14,0,R&D,0
EMP-1041,28,6300,33,9,0,R&D,0
EMP-1042,29,9722,21,1,1,R&D,0
EMP-1043,56,10218,17,8,1,HR,0
EMP-1044,35,10776,22,4,1,Sales,1
EMP-1045,38,6675,48,9,0,HR,0
EMP-1046,57,6054,37,14,1,Sales,0
EMP-1047,25,10970,15,11,1,Sales,0
EMP-1048,23,5143,35,5,0,Sales,0
EMP-1049,27,8207,28,3,1,R&D,0
EMP-1050,25,12503,7,9,1,R&D,0
EMP-1051,50,14383,32,11,1,Sales,0
EMP-1052,39,5538,11,14,1,Sales,0
EMP-1053,47,7547,10,14,0,R&D,0
EMP-1054,55,8619,9,9,1,HR,0
EMP-1055,31,11356,14,4,1,Sales,0
EMP-1056,57,9612,13,11,0,HR,0
EMP-1057,35,8005,25,4,1,R&D,0
EMP-1058,52,3822,2,12,0,Sales,0
EMP-1059,36,3943,35,8,0,HR,0
EMP-1060,29,9150,7,2,0,HR,0
EMP-1061,35,7425,21,9,1,HR,0
EMP-1062,44,11966,18,13,0,R&D,0
EMP-1063,42,5198,3,14,0,R&D,0
EMP-1064,37,14348,42,6,0,HR,0
EMP-1065,39,7242,39,9,1,HR,0
EMP-1066,45,6695,41,8,1,R&D,0
EMP-1067,47,6452,49,7,1,HR,1
EMP-1068,46,12106,11,13,1,HR,0
EMP-1069,50,4308,39,14,1,R&D,1
EMP-1070,36,7177,24,1,1,HR,0
EMP-1071,22,11705,46,14,1,HR,1
EMP-1072,46,13112,19,12,0,HR,0
EMP-1073,28,9852,4,3,0,R&D,0
EMP-1074,30,9035,26,11,0,HR,0
EMP-1075,45,6594,38,14,0,R&D,0
EMP-1076,22,7841,42,2,1,R&D,0
EMP-1077,29,4409,32,5,0,Sales,1
EMP-1078,45,7566,39,5,0,Sales,0
EMP-1079,32,14382,45,5,0,HR,0
EMP-1080,38,7491,46,4,0,R&D,0
EMP-1081,29,4555,36,5,1,Sales,1
EMP-1082,56,3804,40,3,1,HR,1
EMP-1083,56,4279,37,12,1,Sales,1
EMP-1084,54,10083,33,1,0,Sales,0
EMP-1085,26,8986,36,5,1,R&D,1
EMP-1086,49,8619,3,13,0,R&D,0
EMP-1087,28,14769,9,9,1,Sales,0
EMP-1088,30,14093,8,13,1,Sales,1
EMP-1089,29,4387,33,9,1,R&D,1
EMP-1090,33,13953,6,4,1,HR,1
EMP-1091,55,5679,41,3,1,R&D,1
EMP-1092,54,5106,39,1,0,Sales,0
EMP-1093,44,11173,4,2,1,HR,0
EMP-1094,45,7223,13,8,0,Sales,0
EMP-1095,58,7831,49,1,0,HR,0
EMP-1096,56,5768,2,8,0,Sales,0
EMP-1097,43,6186,5,13,0,HR,0
EMP-1098,48,14472,44,7,0,HR,0
EMP-1099,56,5573,27,8,1,Sales,0
EMP-1100,22,5599,32,12,1,HR,1
EMP-1101,56,7033,21,6,1,R&D,0
EMP-1102,58,11428,8,12,1,Sales,0
EMP-1103,35,4304,38,14,0,R&D,1
EMP-1104,24,14622,8,9,1,Sales,0
EMP-1105,22,10368,3,3,1,HR,1
EMP-1106,26,8877,44,10,0,HR,0
EMP-1107,47,4301,3,4,0,HR,0
EMP-1108,35,5541,22,13,1,Sales,0
EMP-1109,48,5051,6,6,1,R&D,0
EMP-1110,30,9809,2,8,0,R&D,0
EMP-1111,36,11633,23,5,1,Sales,1
EMP-1112,36,13268,44,3,1,Sales,0
EMP-1113,47,14372,2,6,1,R&D,1
EMP-1114,34,13849,38,4,1,R&D,1
EMP-1115,53,14990,17,9,0,R&D,0
EMP-1116,53,11996,35,13,0,R&D,0
EMP-1117,25,3074,34,3,0,Sales,1
EMP-1118,51,9981,23,4,1,Sales,0
EMP-1119,58,13367,30,7,1,HR,1
EMP-1120,44,13281,8,7,1,R&D,0
EMP-1121,36,8475,22,12,1,HR,0
EMP-1122,50,11232,44,12,1,Sales,1
EMP-1123,57,13273,36,4,0,Sales,0
EMP-1124,34,10184,5,6,1,HR,1
EMP-1125,53,8796,13,12,1,R&D,0
EMP-1126,28,10141,29,13,0,R&D,0
EMP-1127,43,4622,31,3,1,R&D,1
EMP-1128,49,11041,47,6,0,R&D,0
EMP-1129,23,3341,16,12,0,HR,0
EMP-1130,27,5074,42,2,0,HR,0
EMP-1131,49,10992,30,8,0,Sales,0
EMP-1132,49,3645,16,2,0,R&D,0
EMP-1133,41,7263,12,11,1,R&D,0
EMP-1134,51,11801,17,7,0,R&D,0
EMP-1135,32,9136,16,9,0,HR,0
EMP-1136,49,11646,12,1,1,R&D,0
EMP-1137,46,14145,8,8,1,HR,0
EMP-1138,54,12900,20,7,0,R&D,0
EMP-1139,22,14664,3,6,1,R&D,0
EMP-1140,48,5969,16,6,1,Sales,0
EMP-1141,34,6028,30,6,0,R&D,0
EMP-1142,24,10643,45,9,0,R&D,0
EMP-1143,27,5681,23,2,1,Sales,1
EMP-1144,29,6629,28,1,0,HR,0
EMP-1145,48,7225,40,13,0,HR,0
EMP-1146,30,6067,5,12,1,R&D,0
EMP-1147,58,8941,20,6,0,HR,0
EMP-1148,54,4386,40,10,0,R&D,1
EMP-1149,45,14968,44,11,0,Sales,0
EMP-1150,36,5866,1,8,0,Sales,0
EMP-1151,53,7788,30,3,0,R&D,0
EMP-1152,53,14555,21,12,1,Sales,0
EMP-1153,45,8490,20,10,1,Sales,0
EMP-1154,33,7124,6,1,0,R&D,0
EMP-1155,23,11340,22,9,1,R&D,0
EMP-1156,24,6850,18,13,0,Sales,0
EMP-1157,58,8415,8,13,0,HR,0
EMP-1158,38,13250,39,1,0,HR,0
EMP-1159,23,10679,32,3,0,R&D,0
EMP-1160,23,9819,33,8,0,R&D,0
EMP-1161,49,12328,16,14,1,HR,1
EMP-1162,44,11378,12,3,1,Sales,0
EMP-1163,58,14046,38,13,0,HR,0
EMP-1164,53,12442,34,4,1,HR,1
EMP-1165,54,4333,14,8,0,HR,0
EMP-1166,22,7150,36,1,1,HR,1
EMP-1167,40,9766,33,13,0,R&D,0
EMP-1168,23,5711,23,13,1,R&D,0
EMP-1169,47,7853,45,6,0,Sales,0
EMP-1170,53,9212,2,1,0,Sales,0
EMP-1171,27,10479,41,14,1,Sales,1
EMP-1172,53,8408,21,1,1,Sales,0
EMP-1173,25,12977,2,14,0,HR,0
EMP-1174,32,10715,27,8,1,R&D,0
EMP-1175,38,11942,9,11,0,R&D,0
EMP-1176,59,4762,1,4,1,Sales,1
EMP-1177,45,10101,11,12,1,Sales,0
EMP-1178,26,10674,3,1,0,HR,0
EMP-1179,55,9122,23,10,1,HR,0
EMP-1180,27,3481,26,7,1,Sales,1
EMP-1181,43,3153,4,5,0,R&D,0
EMP-1182,32,10617,18,5,1,R&D,1
EMP-1183,37,4524,6,1,0,R&D,0
EMP-1184,54,5120,35,14,0,Sales,0
EMP-1185,30,5343,22,10,0,R&D,0
EMP-1186,27,8136,43,11,0,HR,0
EMP-1187,37,8760,15,6,0,HR,0
EMP-1188,50,4240,22,14,1,Sales,1
EMP-1189,24,3060,37,9,0,HR,0
EMP-1190,41,12130,42,9,0,Sales,0
EMP-1191,57,4639,12,8,1,R&D,1
EMP-1192,40,9185,47,5,1,R&D,0
EMP-1193,47,10970,49,1,1,R&D,1
EMP-1194,24,14761,42,9,0,HR,0
EMP-1195,40,4252,38,1,0,Sales,0
EMP-1196,41,7203,18,8,0,R&D,0
EMP-1197,53,11363,45,5,1,Sales,0
EMP-1198,28,12650,35,3,0,R&D,0
EMP-1199,54,6549,30,11,1,HR,1
EMP-1200,39,7197,24,7,0,HR,0
EMP-1201,22,10009,42,7,1,Sales,0
EMP-1202,32,9667,30,9,0,HR,0
EMP-1203,49,5322,14,7,0,HR,0
EMP-1204,46,12828,6,13,0,Sales,0
EMP-1205,44,14307,3,11,1,R&D,0
EMP-1206,52,7090,16,14,1,HR,0
EMP-1207,51,9960,7,3,0,Sales,0
EMP-1208,56,6004,14,11,0,HR,0
EMP-1209,28,8136,9,13,0,HR,0
EMP-1210,37,3329,15,14,1,HR,0
EMP-1211,47,6640,21,13,0,HR,0
EMP-1212,23,10982,35,1,0,Sales,0
EMP-1213,22,7107,2,8,0,Sales,0
EMP-1214,33,4341,27,12,0,Sales,0
EMP-1215,26,14855,2,3,1,HR,0
EMP-1216,58,11407,35,12,1,HR,0
EMP-1217,53,3338,18,8,0,HR,0
EMP-1218,30,8895,14,8,0,Sales,0
EMP-1219,56,5708,20,13,1,HR,0
EMP-1220,40,14344,18,5,1,R&D,0
EMP-1221,37,4750,10,13,0,HR,0
EMP-1222,24,8604,25,12,1,R&D,0
EMP-1223,41,5421,2,13,1,HR,0
EMP-1224,45,10119,25,1,0,Sales,0
EMP-1225,54,11901,33,13,1,HR,0
EMP-1226,45,8319,36,10,1,R&D,1
EMP-1227,32,9609,31,7,0,R&D,0
EMP-1228,29,8387,14,12,0,HR,0
EMP-1229,57,14918,1,10,1,R&D,1
EMP-1230,59,14834,46,5,0,R&D,0
EMP-1231,41,6993,16,8,1,Sales,0
EMP-1232,56,11680,46,9,0,HR,0
EMP-1233,46,11044,3,11,1,HR,0
EMP-1234,56,11238,35,14,0,HR,0
EMP-1235,46,14551,41,7,1,R&D,1
EMP-1236,50,7873,6,14,1,HR,0
EMP-1237,39,7806,25,13,1,HR,0
EMP-1238,39,11592,13,7,0,Sales,0
EMP-1239,23,8913,34,1,0,Sales,0
EMP-1240,56,10124,8,4,1,Sales,0
EMP-1241,37,6157,21,2,1,R&D,0
EMP-1242,57,3390,34,2,0,HR,0
EMP-1243,54,7430,4,2,0,Sales,0
EMP-1244,25,11820,25,4,0,Sales,0
EMP-1245,54,10686,15,14,0,Sales,0
EMP-1246,35,7232,4,1,0,HR,0
EMP-1247,42,14122,45,4,0,HR,0
EMP-1248,41,11007,12,2,1,HR,0
EMP-1249,29,4521,32,5,0,R&D,1
EMP-1250,28,12018,32,3,1,R&D,0
EMP-1251,24,4500,28,12,0,Sales,0
EMP-1252,38,9737,13,8,0,HR,0
EMP-1253,54,6294,31,4,1,Sales,1
EMP-1254,33,8085,14,1,1,HR,0
EMP-1255,43,5419,20,1,0,HR,0
EMP-1256,43,12126,18,12,1,HR,0
EMP-1257,51,6042,29,10,1,R&D,0
EMP-1258,59,7497,6,3,1,R&D,1
EMP-1259,59,4466,32,9,1,HR,1
EMP-1260,29,6561,29,7,0,Sales,0
EMP-1261,48,3614,43,2,1,HR,1
EMP-1262,48,8392,2,13,0,HR,0
EMP-1263,55,10693,23,9,0,Sales,0
EMP-1264,42,12374,19,10,0,HR,0
EMP-1265,51,6223,31,2,0,Sales,0
EMP-1266,54,10138,5,3,1,R&D,0
EMP-1267,49,5667,19,11,1,R&D,0
EMP-1268,54,10980,34,13,0,Sales,0
EMP-1269,26,3130,10,10,0,R&D,0
EMP-1270,40,5983,25,14,0,R&D,0
EMP-1271,25,7278,2,2,0,Sales,0
EMP-1272,56,10126,11,3,1,R&D,0
EMP-1273,38,11230,31,6,0,HR,0
EMP-1274,49,10694,15,9,1,HR,0
EMP-1275,51,9640,9,9,0,Sales,0
EMP-1276,50,14779,23,7,0,R&D,0
EMP-1277,27,8468,19,12,0,HR,0
EMP-1278,56,3920,9,3,0,HR,0
EMP-1279,58,10564,35,4,1,R&D,1
EMP-1280,45,13961,21,6,1,R&D,0
EMP-1281,50,11684,9,11,1,HR,0
EMP-1282,52,12323,28,5,0,HR,0
EMP-1283,56,14713,46,2,0,Sales,0
EMP-1284,54,11502,7,13,1,Sales,0
EMP-1285,42,11930,16,6,1,HR,0
EMP-1286,53,6241,16,3,0,Sales,0
EMP-1287,44,3545,33,14,0,HR,0
EMP-1288,54,13653,4,8,1,HR,1
EMP-1289,24,7346,4,2,0,Sales,0
EMP-1290,39,12996,39,1,0,Sales,0
EMP-1291,46,14404,40,9,1,R&D,0
EMP-1292,52,6810,17,14,0,R&D,0
EMP-1293,24,10206,37,12,1,R&D,1
EMP-1294,45,12005,39,3,0,HR,0
EMP-1295,53,5032,29,11,1,Sales,0
EMP-1296,43,11436,36,1,0,HR,0
EMP-1297,44,3271,38,7,1,Sales,1
EMP-1298,23,6511,39,13,1,HR,1
EMP-1299,48,4771,37,10,1,R&D,1
EMP-1300,23,12454,35,5,1,R&D,1
EMP-1301,47,13616,7,5,0,R&D,0
EMP-1302,38,7361,27,14,0,HR,0
EMP-1303,54,10069,28,1,1,Sales,0
EMP-1304,30,3920,22,9,0,Sales,0
EMP-1305,50,11190,14,7,0,R&D,0
EMP-1306,47,6430,7,8,0,R&D,0
EMP-1307,56,7435,37,9,0,R&D,0
EMP-1308,46,13816,22,6,0,R&D,0
EMP-1309,45,6760,5,12,1,Sales,0
EMP-1310,34,5050,2,5,1,HR,0
EMP-1311,28,14692,27,6,1,HR,1
EMP-1312,57,4165,21,11,1,HR,1
EMP-1313,41,11567,38,2,0,HR,0
EMP-1314,22,5033,15,4,0,R&D,0
EMP-1315,29,9467,21,3,1,R&D,0
EMP-1316,37,3145,10,13,0,R&D,0
EMP-1317,35,7388,23,7,0,HR,0
EMP-1318,33,10832,39,9,1,R&D,0
EMP-1319,44,11623,5,5,0,R&D,0
EMP-1320,36,11896,1,6,1,Sales,0
EMP-1321,49,11173,13,10,1,Sales,0
EMP-1322,55,5632,21,14,0,R&D,0
EMP-1323,23,7494,26,12,0,Sales,0
EMP-1324,53,11056,45,12,1,Sales,1
EMP-1325,44,10511,21,2,1,R&D,0
EMP-1326,43,12155,18,3,0,R&D,0
EMP-1327,46,13426,37,3,1,R&D,0
EMP-1328,43,13233,45,12,1,R&D,1
EMP-1329,43,4828,32,12,1,HR,1
EMP-1330,27,13300,36,9,0,HR,0
EMP-1331,36,12130,17,7,1,R&D,0
EMP-1332,58,7805,35,8,0,Sales,0
EMP-1333,54,3806,49,11,1,R&D,1
EMP-1334,29,12655,11,10,0,R&D,0
EMP-1335,26,10486,21,11,1,Sales,0
EMP-1336,25,14607,26,9,0,HR,0
EMP-1337,27,11202,4,6,0,R&D,0
EMP-1338,53,4868,34,4,0,R&D,0
EMP-1339,51,10878,48,12,1,HR,1
EMP-1340,56,8690,18,1,1,HR,0
EMP-1341,37,10827,40,8,1,Sales,1
EMP-1342,34,8429,35,7,0,HR,0
EMP-1343,51,12076,41,2,1,HR,0
EMP-1344,40,6564,29,8,0,HR,0
EMP-1345,38,4389,29,12,1,Sales,1
EMP-1346,40,14593,38,5,0,HR,0
EMP-1347,49,10274,42,7,0,HR,0
EMP-1348,47,3824,21,4,0,Sales,0
EMP-1349,58,5265,42,5,1,HR,0
EMP-1350,47,3936,13,8,1,HR,1
EMP-1351,44,13992,49,1,1,Sales,0
EMP-1352,30,13745,41,1,0,R&D,0
EMP-1353,33,9402,17,4,0,Sales,0
EMP-1354,22,6845,9,3,1,HR,0
EMP-1355,22,4796,41,13,1,HR,1
EMP-1356,55,11245,1,10,1,HR,1
EMP-1357,53,10214,2,12,0,Sales,0
EMP-1358,46,3726,48,2,0,HR,0
EMP-1359,22,5736,29,12,0,HR,0
EMP-1360,37,14362,33,3,0,Sales,0
EMP-1361,26,4913,10,11,0,R&D,0
EMP-1362,43,12788,40,11,1,R&D,1
EMP-1363,50,13106,21,14,0,HR,0
EMP-1364,24,10657,28,11,0,Sales,0
EMP-1365,33,5466,11,1,0,HR,0
EMP-1366,47,13929,34,1,0,Sales,0
EMP-1367,37,12041,8,6,0,Sales,0
EMP-1368,58,13301,22,5,1,R&D,1
EMP-1369,43,10312,8,8,0,R&D,0
EMP-1370,50,11194,49,2,0,Sales,0
EMP-1371,35,10906,15,4,0,HR,0
EMP-1372,49,7876,17,8,1,R&D,0
EMP-1373,26,10287,23,12,1,HR,0
EMP-1374,51,3892,24,6,1,R&D,1
EMP-1375,26,13222,45,1,0,R&D,0
EMP-1376,33,14352,19,4,1,HR,1
EMP-1377,37,13568,5,1,0,R&D,0
EMP-1378,47,7675,32,13,0,R&D,0
EMP-1379,47,4933,44,2,1,HR,1
EMP-1380,42,4380,1,5,0,R&D,0
EMP-1381,57,14873,23,14,0,R&D,0
EMP-1382,54,4290,37,8,0,R&D,1
EMP-1383,51,4640,8,8,1,HR,0
EMP-1384,58,10490,13,11,0,Sales,0
EMP-1385,44,13874,8,3,0,HR,0
EMP-1386,31,12179,23,11,1,Sales,0
EMP-1387,26,4218,43,13,0,R&D,0
EMP-1388,57,8016,1,4,0,Sales,0
EMP-1389,55,9881,45,10,1,HR,0
EMP-1390,52,12547,24,11,0,HR,0
EMP-1391,31,12752,35,14,0,R&D,0
EMP-1392,40,12610,24,6,0,Sales,0
EMP-1393,53,3954,17,11,0,R&D,0
EMP-1394,22,12175,5,11,0,R&D,0
EMP-1395,26,10291,20,10,1,HR,0
EMP-1396,25,3974,21,3,1,Sales,0
EMP-1397,37,7133,40,2,1,Sales,1
EMP-1398,45,8370,31,6,1,Sales,1
EMP-1399,37,6972,46,11,0,Sales,0
EMP-1400,23,8295,36,13,0,R&D,0
EMP-1401,49,12105,11,5,0,R&D,0
EMP-1402,53,11228,15,14,0,HR,0
EMP-1403,48,14579,19,10,0,R&D,0
EMP-1404,41,12903,7,5,1,R&D,0
EMP-1405,45,6020,28,10,1,HR,0
EMP-1406,33,11987,43,13,0,HR,0
EMP-1407,56,7036,5,5,0,HR,0
EMP-1408,54,8068,5,10,0,R&D,0
EMP-1409,54,8233,30,12,1,R&D,0
EMP-1410,58,14303,32,5,0,HR,0
EMP-1411,33,12516,8,3,0,HR,0
EMP-1412,24,3317,10,7,0,HR,0
EMP-1413,22,5396,38,6,1,R&D,1
EMP-1414,54,5162,47,4,0,R&D,0
EMP-1415,31,5745,32,2,1,Sales,0
EMP-1416,50,4591,48,12,1,R&D,1
EMP-1417,34,14303,28,9,1,R&D,0
EMP-1418,33,9183,17,1,1,R&D,0
EMP-1419,52,6930,31,13,1,HR,0
EMP-1420,23,13188,8,13,1,R&D,0
EMP-1421,56,4312,40,11,0,HR,0
EMP-1422,44,12477,25,14,0,Sales,0
EMP-1423,38,7311,9,4,0,Sales,0
EMP-1424,47,10314,2,1,1,HR,0
EMP-1425,29,5383,15,13,0,HR,0
EMP-1426,50,6239,3,6,1,HR,0
EMP-1427,47,5139,49,4,1,R&D,0
EMP-1428,31,4704,36,5,1,Sales,1
EMP-1429,47,9924,4,5,0,HR,0
EMP-1430,55,3362,14,9,1,R&D,1
EMP-1431,28,5604,41,1,1,Sales,0
EMP-1432,25,12908,41,13,0,R&D,0
EMP-1433,32,7286,25,2,0,Sales,0
EMP-1434,50,6738,10,13,1,R&D,0
EMP-1435,57,5469,21,6,1,Sales,0
EMP-1436,46,7795,36,5,0,Sales,0
EMP-1437,42,9150,12,11,0,R&D,0
EMP-1438,57,3556,27,7,0,HR,0
EMP-1439,31,12017,40,3,1,Sales,1
EMP-1440,58,5808,2,3,0,HR,0
EMP-1441,30,8150,13,10,0,R&D,0
EMP-1442,45,10561,32,2,0,HR,0
EMP-1443,56,5719,31,13,1,HR,0
EMP-1444,56,9506,16,3,0,HR,0
EMP-1445,57,14700,32,10,0,HR,0
EMP-1446,39,6741,32,1,0,HR,0
EMP-1447,53,12766,34,5,0,Sales,0
EMP-1448,45,6998,11,14,0,Sales,0
EMP-1449,44,13321,10,12,1,Sales,1
EMP-1450,53,5403,15,5,1,R&D,1
EMP-1451,58,14521,17,12,1,HR,0
EMP-1452,33,11780,40,11,0,Sales,0
EMP-1453,34,13204,18,7,1,R&D,0
EMP-1454,44,12739,9,4,1,Sales,0
EMP-1455,46,3294,25,3,1,Sales,0
EMP-1456,56,13177,40,1,0,HR,0
EMP-1457,51,8343,14,12,0,R&D,0
EMP-1458,38,14309,25,8,1,HR,0
EMP-1459,41,12882,22,13,1,HR,1
EMP-1460,46,4136,30,3,0,Sales,0
EMP-1461,43,5064,20,13,0,HR,0
EMP-1462,34,10009,21,2,1,R&D,0
EMP-1463,40,7543,44,11,0,HR,0
EMP-1464,57,4007,32,4,1,HR,1
EMP-1465,33,8445,46,3,0,HR,0
EMP-1466,40,13706,49,13,1,Sales,0
EMP-1467,33,14718,21,1,1,R&D,0
EMP-1468,30,8352,35,3,0,Sales,0
EMP-1469,28,12439,32,12,1,Sales,1
EMP-1470,49,4435,30,2,1,Sales,1
EMP-1471,35,3571,39,8,1,Sales,1
EMP-1472,52,5382,49,6,0,Sales,0
EMP-1473,40,12437,12,9,0,R&D,0
EMP-1474,37,13276,41,8,0,HR,0
EMP-1475,26,8084,47,10,1,Sales,0
EMP-1476,56,3277,18,3,0,Sales,0
EMP-1477,33,10059,21,5,1,R&D,0
EMP-1478,46,4887,13,7,1,R&D,1
EMP-1479,42,4265,21,5,0,HR,0
EMP-1480,57,10491,8,8,0,R&D,0
EMP-1481,44,4040,46,12,1,HR,1
EMP-1482,37,12109,40,5,1,Sales,0
EMP-1483,35,11073,46,1,0,Sales,0
EMP-1484,52,12077,7,5,0,HR,0
EMP-1485,26,5752,23,4,0,R&D,0
EMP-1486,56,11213,44,6,1,HR,1
EMP-1487,44,7569,32,3,1,R&D,1
EMP-1488,50,14383,11,11,1,Sales,1
EMP-1489,32,9353,22,5,1,R&D,0
EMP-1490,39,5353,22,2,1,HR,0
EMP-1491,33,10437,43,11,0,HR,0
EMP-1492,30,7799,25,6,0,Sales,0
EMP-1493,31,3686,22,13,1,R&D,1
EMP-1494,38,11476,28,12,1,R&D,0
EMP-1495,59,7811,29,6,0,R&D,0
EMP-1496,28,14939,13,5,0,Sales,0
EMP-1497,34,11954,18,6,0,R&D,0
EMP-1498,30,8346,2,11,0,HR,0
EMP-1499,48,8043,29,7,1,R&D,0
EMP-1500,23,5428,21,12,0,Sales,0
EMP-1501,26,13699,15,5,1,R&D,0
EMP-1502,50,8126,27,1,0,R&D,0
EMP-1503,58,11220,31,8,0,HR,0
EMP-1504,59,12098,15,4,0,R&D,0
EMP-1505,40,14296,23,9,1,HR,0
EMP-1506,29,10813,24,14,1,HR,0
EMP-1507,22,14186,44,10,0,Sales,0
EMP-1508,43,13698,13,12,1,HR,1
EMP-1509,38,14801,22,6,1,HR,1
EMP-1510,28,14745,43,1,0,Sales,0
EMP-1511,46,12645,37,3,0,HR,0
EMP-1512,25,6356,33,3,1,Sales,0
EMP-1513,57,11707,3,10,1,R&D,0
EMP-1514,27,10266,19,12,1,Sales,0
EMP-1515,52,9540,23,12,0,HR,0
EMP-1516,40,3038,29,4,0,Sales,0
EMP-1517,48,6342,30,6,1,HR,1
EMP-1518,31,12078,39,7,0,R&D,0
EMP-1519,47,5844,44,10,0,Sales,0
EMP-1520,40,13396,47,4,1,R&D,0
EMP-1521,24,4098,25,6,1,HR,0
EMP-1522,34,10027,37,11,0,HR,0
EMP-1523,49,4823,47,1,0,R&D,1
EMP-1524,41,14393,8,14,1,Sales,1
EMP-1525,49,6155,42,8,0,Sales,0
EMP-1526,29,6093,16,7,0,HR,0
EMP-1527,22,14722,8,11,1,R&D,0
EMP-1528,24,8658,1,11,1,R&D,0
EMP-1529,34,6778,44,9,0,Sales,0
EMP-1530,49,5896,5,3,0,Sales,0
EMP-1531,46,14645,3,2,0,Sales,0
EMP-1532,54,14703,1,1,1,R&D,0
EMP-1533,59,3988,4,3,0,Sales,0
EMP-1534,27,7116,40,5,0,Sales,0
EMP-1535,53,9446,35,14,1,HR,0
EMP-1536,42,7179,32,11,1,Sales,1
EMP-1537,37,4682,42,2,0,Sales,0
EMP-1538,42,8626,34,12,1,R&D,1
EMP-1539,32,10424,43,3,1,R&D,0
EMP-1540,58,3933,25,4,0,HR,0
EMP-1541,57,6598,10,7,1,Sales,0
EMP-1542,56,14425,21,13,1,HR,0
EMP-1543,40,4980,46,3,0,R&D,1
EMP-1544,41,13047,39,9,1,HR,1
EMP-1545,39,6056,27,8,0,R&D,0
EMP-1546,35,11984,27,4,0,HR,0
EMP-1547,36,3791,2,13,1,HR,1
EMP-1548,52,13001,41,1,1,Sales,1
EMP-1549,22,8390,48,1,1,HR,1
EMP-1550,24,9635,13,1,0,Sales,0
EMP-1551,37,5255,9,1,1,Sales,0
EMP-1552,44,6610,36,8,0,Sales,0
EMP-1553,32,4607,22,3,1,Sales,1
EMP-1554,33,8179,42,6,1,HR,1
EMP-1555,31,9573,26,3,1,R&D,0
EMP-1556,53,3984,12,11,0,R&D,0
EMP-1557,37,8776,17,5,1,R&D,0
EMP-1558,29,6676,14,13,1,HR,0
EMP-1559,59,6380,14,14,0,Sales,0
EMP-1560,33,11711,34,13,0,R&D,0
EMP-1561,45,11782,20,7,1,HR,0
EMP-1562,49,4050,11,2,1,Sales,0
EMP-1563,29,6633,16,6,1,R&D,0
EMP-1564,49,9342,31,13,0,Sales,0
EMP-1565,57,3959,6,6,0,R&D,0
EMP-1566,47,9059,19,11,0,R&D,0
EMP-1567,29,11884,37,3,0,R&D,0
EMP-1568,49,8655,4,6,1,Sales,0
EMP-1569,49,7473,47,10,0,HR,0
EMP-1570,58,5946,4,10,0,Sales,0
EMP-1571,57,10725,20,14,0,R&D,0
EMP-1572,48,3526,10,5,1,Sales,1
EMP-1573,38,6224,24,12,1,HR,0
EMP-1574,30,13445,35,2,0,Sales,0
EMP-1575,54,14536,26,9,0,HR,0
EMP-1576,41,4875,37,8,1,HR,1
EMP-1577,34,4763,38,3,1,Sales,1
EMP-1578,49,11712,21,8,1,R&D,0
EMP-1579,50,8797,40,14,1,HR,1
EMP-1580,34,12208,39,9,1,Sales,1
EMP-1581,56,10099,21,14,1,HR,0
EMP-1582,27,8109,10,3,1,R&D,1
EMP-1583,39,9644,38,3,1,Sales,1
EMP-1584,26,3116,46,2,0,Sales,0
EMP-1585,46,5433,4,8,0,Sales,0
EMP-1586,23,8463,45,10,0,R&D,0
EMP-1587,31,3583,20,1,0,HR,0
EMP-1588,51,11586,17,8,0,Sales,0
EMP-1589,26,6788,7,7,0,HR,0
EMP-1590,54,13960,4,14,1,HR,0
EMP-1591,22,7167,29,7,1,R&D,0
EMP-1592,39,11465,14,3,0,Sales,0
EMP-1593,53,13205,3,1,0,HR,0
EMP-1594,32,4389,24,4,1,Sales,0
EMP-1595,42,14758,37,9,1,Sales,0
EMP-1596,47,11357,16,5,1,R&D,0
EMP-1597,46,12759,4,1,0,Sales,0
EMP-1598,43,9154,24,5,1,Sales,0
EMP-1599,48,8420,34,13,0,HR,0
EMP-1600,34,11920,30,8,0,R&D,0
EMP-1601,54,5043,18,8,1,Sales,0
EMP-1602,55,7197,19,5,1,HR,0
EMP-1603,56,6496,31,12,0,R&D,0
EMP-1604,22,3778,19,9,1,R&D,1
EMP-1605,42,3213,49,1,1,HR,1
EMP-1606,27,6762,46,4,0,HR,0
EMP-1607,49,12768,19,3,1,HR,0
EMP-1608,38,13640,22,2,0,HR,0
EMP-1609,26,9731,24,8,0,HR,0
EMP-1610,52,14128,45,7,1,Sales,1
EMP-1611,26,6117,12,9,0,Sales,0
EMP-1612,59,8791,30,2,0,R&D,0
EMP-1613,24,11783,38,14,1,Sales,1
EMP-1614,44,5720,31,14,1,Sales,1
EMP-1615,58,11905,36,4,1,Sales,1
EMP-1616,58,12127,19,14,0,HR,0
EMP-1617,31,9047,48,6,0,R&D,0
EMP-1618,31,11032,45,11,1,R&D,0
EMP-1619,40,3001,36,3,0,R&D,0
EMP-1620,38,9368,30,8,1,R&D,1
EMP-1621,42,14040,49,3,1,Sales,0
EMP-1622,35,4949,33,14,0,Sales,0
EMP-1623,30,9732,18,12,1,HR,0
EMP-1624,22,10833,49,13,0,R&D,0
EMP-1625,34,3917,28,13,0,Sales,0
EMP-1626,25,6174,47,2,1,Sales,1
EMP-1627,22,13433,11,13,0,HR,0
EMP-1628,53,10014,45,13,1,HR,1
EMP-1629,55,3089,33,3,0,HR,1
EMP-1630,49,4709,17,11,0,Sales,0
EMP-1631,52,13361,6,6,0,Sales,0
EMP-1632,29,6041,4,2,1,HR,0
EMP-1633,47,3105,20,8,0,R&D,0
EMP-1634,55,12078,48,1,1,HR,1
EMP-1635,24,11619,47,7,0,HR,0
EMP-1636,33,4895,27,2,0,HR,0
EMP-1637,22,9090,15,10,1,HR,0
EMP-1638,26,11508,6,12,1,Sales,0
EMP-1639,51,9082,47,6,1,R&D,1
EMP-1640,51,3634,14,12,1,HR,1
EMP-1641,38,4925,11,2,1,R&D,1
EMP-1642,44,5056,39,2,0,R&D,0
EMP-1643,36,9917,9,10,0,R&D,0
EMP-1644,58,6144,26,13,1,HR,0
EMP-1645,42,13462,16,8,0,Sales,0
EMP-1646,35,12631,5,12,0,HR,0
EMP-1647,23,3552,10,2,0,R&D,0
EMP-1648,32,11907,3,7,1,R&D,0
EMP-1649,59,8383,13,3,0,Sales,0
EMP-1650,55,6911,43,8,0,HR,0
EMP-1651,59,12905,49,7,0,R&D,0
EMP-1652,55,6389,30,14,1,Sales,0
EMP-1653,39,12299,45,8,0,R&D,0
EMP-1654,51,11442,6,14,0,Sales,0
EMP-1655,36,5430,17,7,1,Sales,0
EMP-1656,48,13246,45,11,1,HR,1
EMP-1657,55,3458,19,6,0,R&D,0
EMP-1658,59,3207,42,13,0,HR,0
EMP-1659,54,3899,35,7,1,R&D,1
EMP-1660,45,14653,46,5,1,HR,1
EMP-1661,36,14577,26,7,1,R&D,1
EMP-1662,51,3021,5,1,1,HR,0
EMP-1663,38,11601,29,1,1,Sales,1
EMP-1664,26,3894,37,9,1,R&D,1
EMP-1665,50,3514,20,14,1,R&D,1
EMP-1666,25,10294,49,5,0,Sales,0
EMP-1667,31,7904,21,13,1,HR,0
EMP-1668,38,10867,10,5,1,R&D,0
EMP-1669,31,7109,5,3,0,R&D,0
EMP-1670,38,10179,36,5,1,HR,0
EMP-1671,41,13326,6,3,1,Sales,1
EMP-1672,45,14787,26,9,0,HR,0
EMP-1673,26,14148,4,9,1,HR,0
EMP-1674,55,4560,39,6,0,HR,1
EMP-1675,27,4266,39,1,0,R&D,1
EMP-1676,23,13361,35,7,0,Sales,0
EMP-1677,34,6638,1,7,0,Sales,0
EMP-1678,32,11941,24,14,1,HR,0
EMP-1679,44,6427,36,10,0,R&D,0
EMP-1680,37,7780,6,10,0,HR,0
EMP-1681,52,4927,41,4,1,R&D,1
EMP-1682,32,14996,46,8,0,R&D,0
EMP-1683,37,14894,44,6,0,R&D,0
EMP-1684,29,5356,31,4,0,R&D,0
EMP-1685,25,7790,20,4,0,Sales,0
EMP-1686,25,13527,24,2,1,R&D,0
EMP-1687,46,3306,25,14,0,R&D,0
EMP-1688,24,10979,36,2,1,HR,1
EMP-1689,53,6665,21,12,1,HR,0
EMP-1690,24,13181,30,14,0,Sales,0
EMP-1691,48,10057,24,4,0,HR,0
EMP-1692,50,3661,44,5,0,R&D,1
EMP-1693,53,7644,42,8,0,HR,0
EMP-1694,40,11503,30,6,1,Sales,1
EMP-1695,42,5920,22,14,1,HR,1
EMP-1696,26,12274,28,4,1,HR,0
EMP-1697,39,14163,7,13,0,Sales,0
EMP-1698,49,11946,35,11,1,Sales,0
EMP-1699,43,9236,28,7,0,R&D,0
EMP-1700,42,9078,14,8,0,HR,0
EMP-1701,27,3352,10,2,0,R&D,0
EMP-1702,22,12094,16,12,0,HR,0
EMP-1703,26,10005,16,7,0,HR,0
EMP-1704,33,3158,31,14,1,R&D,1
EMP-1705,47,13169,42,2,1,HR,0
EMP-1706,55,3956,25,2,0,HR,0
EMP-1707,35,5071,13,8,1,HR,0
EMP-1708,47,11595,6,2,0,Sales,0
EMP-1709,48,13971,44,11,0,R&D,0
EMP-1710,30,12579,9,9,0,Sales,0
EMP-1711,47,6453,45,12,1,R&D,1
EMP-1712,43,9675,36,1,0,R&D,0
EMP-1713,51,3955,43,9,0,HR,0
EMP-1714,38,9295,20,1,1,R&D,0
EMP-1715,47,4712,18,10,1,Sales,1
EMP-1716,57,7703,43,13,1,Sales,1
EMP-1717,22,9563,21,10,0,Sales,0
EMP-1718,29,12465,4,2,0,R&D,0
EMP-1719,56,8631,33,6,1,Sales,1
EMP-1720,36,13817,27,6,0,R&D,0
EMP-1721,43,13574,7,1,1,Sales,0
EMP-1722,35,12633,6,7,1,Sales,1
EMP-1723,47,14171,15,8,0,R&D,0
EMP-1724,49,12989,18,2,0,Sales,0
EMP-1725,44,4394,32,8,1,HR,1
EMP-1726,35,12461,11,9,1,R&D,1
EMP-1727,45,7732,20,6,1,R&D,0
EMP-1728,23,6714,24,5,1,R&D,0
EMP-1729,47,3529,15,12,0,HR,0
EMP-1730,35,14815,48,9,1,R&D,1
EMP-1731,28,5958,7,13,1,Sales,0
EMP-1732,24,10904,21,12,1,Sales,1
EMP-1733,44,14106,42,11,0,Sales,0
EMP-1734,39,6591,26,9,0,R&D,0
EMP-1735,59,13339,44,1,1,Sales,0
EMP-1736,56,9895,14,11,0,R&D,0
EMP-1737,36,14561,37,3,0,Sales,0
EMP-1738,46,12131,21,9,0,HR,0
EMP-1739,58,3525,18,11,1,HR,1
EMP-1740,49,9477,5,2,1,HR,0
EMP-1741,31,3001,3,12,0,HR,0
EMP-1742,38,3374,23,4,1,R&D,0
EMP-1743,43,13532,26,4,1,Sales,0
EMP-1744,47,14244,37,2,0,HR,0
EMP-1745,46,7648,24,3,0,R&D,0
EMP-1746,38,5365,49,13,1,HR,0
EMP-1747,34,4525,19,3,0,HR,0
EMP-1748,41,4646,25,1,1,R&D,1
EMP-1749,46,3013,21,6,1,R&D,1
EMP-1750,25,7599,12,8,0,Sales,0
EMP-1751,31,5278,41,12,1,Sales,1
EMP-1752,24,6155,33,3,1,HR,1
EMP-1753,39,11321,4,5,0,HR,0
EMP-1754,57,6814,42,1,0,Sales,0
EMP-1755,43,6216,7,10,0,Sales,0
EMP-1756,55,14130,22,7,1,R&D,0
EMP-1757,29,13232,33,10,0,Sales,0
EMP-1758,40,11219,17,13,0,Sales,0
EMP-1759,58,5113,24,1,0,HR,0
EMP-1760,27,12444,34,12,0,Sales,0
EMP-1761,47,7356,28,11,1,HR,0
EMP-1762,55,13238,43,9,1,Sales,0
EMP-1763,27,8543,41,8,0,R&D,0
EMP-1764,58,7555,39,7,1,Sales,1
EMP-1765,54,10062,22,10,0,Sales,0
EMP-1766,43,6374,49,7,0,Sales,0
EMP-1767,42,9430,17,5,1,HR,0
EMP-1768,27,6466,34,5,1,R&D,1
EMP-1769,27,6081,6,11,0,Sales,0
EMP-1770,25,14970,46,13,0,HR,0
EMP-1771,51,3629,6,5,1,R&D,1
EMP-1772,32,3269,34,1,0,HR,1
EMP-1773,51,13831,1,8,1,HR,0
EMP-1774,52,13185,10,12,0,R&D,0
EMP-1775,45,8724,21,11,0,Sales,0
EMP-1776,30,8897,5,1,1,HR,0
EMP-1777,24,14083,2,4,1,HR,0
EMP-1778,52,6432,22,9,1,Sales,0
EMP-1779,58,12472,48,14,1,Sales,0
EMP-1780,57,9276,2,9,1,R&D,0
EMP-1781,45,8895,10,5,1,R&D,1
EMP-1782,52,10115,34,4,1,R&D,1
EMP-1783,27,9656,16,3,0,Sales,0
EMP-1784,23,13552,48,3,0,HR,0
EMP-1785,41,3575,39,12,0,HR,0
EMP-1786,49,10029,22,5,1,R&D,0
EMP-1787,32,9099,12,10,1,Sales,0
EMP-1788,25,12499,24,1,1,HR,1
EMP-1789,36,6192,47,5,0,R&D,0
EMP-1790,27,6178,40,6,1,HR,0
EMP-1791,51,9052,38,7,1,HR,1
EMP-1792,59,5734,10,12,0,Sales,0
EMP-1793,23,9116,35,9,1,Sales,0
EMP-1794,36,13404,49,3,0,HR,0
EMP-1795,32,13544,32,2,0,R&D,0
EMP-1796,29,6568,7,14,1,Sales,0
EMP-1797,47,12847,21,3,1,HR,0
EMP-1798,26,12771,20,12,1,Sales,1
EMP-1799,27,5203,26,9,0,Sales,0
EMP-1800,47,4390,4,12,0,Sales,0
EMP-1801,25,4742,46,7,0,HR,0
EMP-1802,40,4925,22,9,1,R&D,0
EMP-1803,41,3619,15,13,1,R&D,1
EMP-1804,54,4274,40,2,1,R&D,1
EMP-1805,41,3956,21,5,1,Sales,1
EMP-1806,33,4939,15,13,0,HR,0
EMP-1807,22,6953,22,4,0,Sales,0
EMP-1808,47,13573,28,2,0,R&D,0
EMP-1809,35,3968,14,9,0,R&D,0
EMP-1810,59,12508,27,9,1,HR,1
EMP-1811,58,12235,41,6,1,Sales,0
EMP-1812,32,3281,40,11,1,R&D,1
EMP-1813,57,14036,28,6,0,HR,0
EMP-1814,34,9262,26,8,0,Sales,0
EMP-1815,24,4058,49,6,1,Sales,1
EMP-1816,54,7293,2,1,1,R&D,1
EMP-1817,27,13724,25,4,0,R&D,0
EMP-1818,31,8178,3,13,1,Sales,0
EMP-1819,26,9980,8,7,0,Sales,0
EMP-1820,44,12200,44,13,0,R&D,0
EMP-1821,31,4229,33,13,0,Sales,1
EMP-1822,23,12227,42,2,1,R&D,0
EMP-1823,34,7585,35,9,1,Sales,1
EMP-1824,23,11467,6,8,0,R&D,0
EMP-1825,41,5740,39,8,1,HR,0
EMP-1826,22,5289,23,7,0,R&D,0
EMP-1827,58,4239,25,4,0,R&D,0
EMP-1828,30,8370,43,2,0,HR,0
EMP-1829,38,3125,19,3,0,Sales,0
EMP-1830,30,10473,5,12,1,HR,1
EMP-1831,32,12400,11,6,0,R&D,0
EMP-1832,36,8342,12,12,0,Sales,0
EMP-1833,45,10351,10,12,1,HR,0
EMP-1834,59,9638,8,5,0,Sales,0
EMP-1835,56,9570,24,12,0,Sales,0
EMP-1836,51,6249,28,8,1,HR,0
EMP-1837,52,12110,41,6,1,Sales,1
EMP-1838,26,10595,36,6,1,HR,0
EMP-1839,35,9294,37,1,0,R&D,0
EMP-1840,32,9527,21,4,1,Sales,0
EMP-1841,30,8757,8,5,1,R&D,1
EMP-1842,55,4969,9,12,0,R&D,0
EMP-1843,33,13985,47,11,0,Sales,0
EMP-1844,56,3891,15,3,0,HR,0
EMP-1845,56,7470,48,13,0,Sales,0
EMP-1846,22,10175,46,9,0,R&D,0
EMP-1847,43,13225,40,1,1,R&D,0
EMP-1848,50,12556,18,6,1,HR,0
EMP-1849,29,11320,42,6,1,Sales,0
EMP-1850,32,12206,20,10,0,R&D,0
EMP-1851,58,12991,6,5,0,R&D,0
EMP-1852,35,9812,12,12,0,R&D,0
EMP-1853,51,10519,2,5,1,HR,0
EMP-1854,56,7612,7,10,1,R&D,0
EMP-1855,42,12710,16,14,0,R&D,0
EMP-1856,58,4198,3,13,1,Sales,0
EMP-1857,26,8238,45,5,0,Sales,0
EMP-1858,40,13666,3,6,1,R&D,0
EMP-1859,35,9089,27,8,1,R&D,1
EMP-1860,47,14677,43,2,1,Sales,1
EMP-1861,25,9257,40,6,0,HR,0
EMP-1862,46,10705,38,1,1,HR,1
EMP-1863,46,6719,33,4,1,HR,0
EMP-1864,39,3302,28,14,0,HR,0
EMP-1865,29,3986,1,10,1,HR,0
EMP-1866,35,13055,8,3,0,HR,0
EMP-1867,53,7440,37,9,0,HR,0
EMP-1868,59,7909,32,3,0,HR,0
EMP-1869,54,6072,48,6,0,Sales,0
EMP-1870,44,6124,43,1,0,HR,0
EMP-1871,36,12519,37,12,1,HR,1
EMP-1872,54,13600,4,6,0,HR,0
EMP-1873,46,14865,30,4,0,R&D,0
EMP-1874,38,11125,6,8,0,Sales,0
EMP-1875,54,6291,46,13,0,Sales,0
EMP-1876,23,7033,19,11,1,Sales,0
EMP-1877,35,8105,32,9,0,HR,0
EMP-1878,27,3703,9,4,1,HR,1
EMP-1879,27,11133,12,10,0,R&D,0
EMP-1880,24,3574,11,12,1,Sales,0
EMP-1881,28,8704,46,10,0,HR,0
EMP-1882,29,14424,16,6,0,Sales,0
EMP-1883,36,10848,1,1,1,R&D,0
EMP-1884,50,8208,45,4,0,R&D,0
EMP-1885,54,9924,21,7,1,R&D,0
EMP-1886,51,13824,30,12,0,Sales,0
EMP-1887,48,6828,13,1,1,HR,0
EMP-1888,57,6230,34,8,0,HR,0
EMP-1889,50,3488,4,12,0,R&D,0
EMP-1890,59,10114,28,10,1,HR,0
EMP-1891,54,12539,38,12,0,R&D,0
EMP-1892,58,14873,31,11,0,Sales,0
EMP-1893,48,6173,27,6,0,R&D,0
EMP-1894,54,4667,5,5,0,Sales,0
EMP-1895,25,12829,25,10,0,R&D,0
EMP-1896,43,7114,3,11,0,HR,0
EMP-1897,23,6553,33,14,1,HR,0
EMP-1898,31,10761,4,9,1,R&D,0
EMP-1899,26,4000,25,2,1,HR,0
EMP-1900,31,12042,20,5,0,HR,0
EMP-1901,54,4388,34,6,1,HR,1
EMP-1902,59,8450,26,7,0,Sales,0
EMP-1903,34,6712,5,5,0,HR,0
EMP-1904,52,4367,35,9,0,Sales,0
EMP-1905,57,11189,28,1,0,R&D,0
EMP-1906,45,12013,29,7,1,HR,0
EMP-1907,36,3454,9,10,0,HR,0
EMP-1908,50,12816,38,7,1,HR,0
EMP-1909,29,5772,6,4,0,R&D,0
EMP-1910,26,6726,19,9,1,Sales,0
EMP-1911,50,10232,44,14,1,Sales,0
EMP-1912,25,14339,11,12,1,HR,1
EMP-1913,33,7806,2,11,1,R&D,1
EMP-1914,23,5190,47,5,1,R&D,1
EMP-1915,48,12108,44,4,1,R&D,1
EMP-1916,52,5875,44,13,0,R&D,0
EMP-1917,57,8592,9,7,1,R&D,0
EMP-1918,57,4440,21,4,0,Sales,0
EMP-1919,47,11927,24,3,1,Sales,0
EMP-1920,48,14760,34,9,0,Sales,0
EMP-1921,26,9059,22,11,1,HR,0
EMP-1922,41,14530,3,8,1,R&D,0
EMP-1923,32,10010,12,1,0,HR,0
EMP-1924,31,14207,28,7,1,R&D,1
EMP-1925,59,10117,30,9,1,Sales,0
EMP-1926,27,14081,26,8,1,HR,0
EMP-1927,29,12153,48,8,0,Sales,0
EMP-1928,44,5989,21,13,1,R&D,0
EMP-1929,47,12218,28,6,0,R&D,0
EMP-1930,33,9228,26,11,1,R&D,0
EMP-1931,47,9471,33,4,1,Sales,1
EMP-1932,34,5863,21,8,0,R&D,0
EMP-1933,39,13693,35,3,1,Sales,0
EMP-1934,46,13139,34,13,1,HR,1
EMP-1935,54,4177,41,9,0,R&D,0
EMP-1936,33,7760,47,13,1,R&D,1
EMP-1937,57,3011,18,2,0,R&D,0
EMP-1938,25,8252,11,2,0,HR,0
EMP-1939,26,7399,23,12,0,R&D,0
EMP-1940,58,14556,48,13,1,Sales,1
EMP-1941,29,14214,22,12,0,Sales,0
EMP-1942,49,14563,17,7,0,R&D,0
EMP-1943,52,14022,5,12,1,R&D,0
EMP-1944,30,11234,44,10,0,HR,0
EMP-1945,50,12135,11,4,1,HR,0
EMP-1946,35,13582,30,10,1,HR,0
EMP-1947,43,8445,15,8,1,R&D,0
EMP-1948,32,13737,27,9,1,HR,0
EMP-1949,44,13603,35,7,0,HR,0
EMP-1950,22,9570,33,5,0,Sales,0
EMP-1951,58,12196,20,8,0,HR,0
EMP-1952,42,11212,16,4,0,Sales,0
EMP-1953,47,3406,34,2,0,Sales,0
EMP-1954,57,12206,2,11,1,HR,1
EMP-1955,44,7431,35,12,0,Sales,0
EMP-1956,22,13030,40,6,0,R&D,0
EMP-1957,36,14380,28,9,0,R&D,0
EMP-1958,42,8243,47,1,1,HR,0
EMP-1959,30,9542,39,11,1,R&D,1
EMP-1960,30,9936,6,10,0,Sales,0
EMP-1961,31,11906,9,12,1,R&D,1
EMP-1962,47,7146,20,7,0,HR,0
EMP-1963,56,3140,1,10,0,HR,0
EMP-1964,46,7882,8,9,1,Sales,0
EMP-1965,47,9012,23,10,1,HR,1
EMP-1966,32,3963,3,9,0,R&D,0
EMP-1967,59,10151,4,10,0,HR,0
EMP-1968,23,11564,25,11,1,Sales,0
EMP-1969,28,14827,47,13,0,HR,0
EMP-1970,39,13733,38,3,1,R&D,1
EMP-1971,48,6610,15,11,0,Sales,0
EMP-1972,55,12884,21,13,1,R&D,0
EMP-1973,48,9894,35,5,0,Sales,0
EMP-1974,38,10311,46,8,0,HR,0
EMP-1975,45,3105,14,8,1,Sales,1
EMP-1976,46,8539,36,4,0,Sales,0
EMP-1977,28,12873,12,12,0,HR,0
EMP-1978,27,13828,17,11,1,R&D,1
EMP-1979,45,9787,39,11,0,HR,0
EMP-1980,54,5137,9,1,0,Sales,0
EMP-1981,50,14608,35,1,0,HR,0
EMP-1982,43,7445,13,4,1,Sales,0
EMP-1983,47,6530,15,6,1,HR,0
EMP-1984,49,4286,18,8,1,HR,1
EMP-1985,42,14371,33,6,0,R&D,0
EMP-1986,28,10052,6,12,0,Sales,0
EMP-1987,38,6654,27,9,0,R&D,0
EMP-1988,41,10102,23,9,0,Sales,0
EMP-1989,41,5359,27,14,1,HR,0
EMP-1990,43,11105,34,2,0,Sales,0
EMP-1991,49,11636,46,10,0,R&D,0
EMP-1992,28,9441,38,1,0,R&D,0
EMP-1993,22,8047,14,2,1,R&D,0
EMP-1994,53,11227,36,5,0,Sales,0
EMP-1995,34,8203,8,4,0,R&D,0
EMP-1996,51,12667,35,4,0,R&D,0
EMP-1997,44,4798,19,9,0,R&D,0
EMP-1998,40,13037,30,11,0,HR,0
EMP-1999,53,12600,14,8,1,HR,0
